r_km,z_m,J
45.0,150.0,1.8194877382526897e-08
45.25,150.0,1.888861755894311e-08
45.5,150.0,1.9540270956852623e-08
45.75,150.0,2.018664368996781e-08
46.0,150.0,2.0967700464780137e-08
46.25,150.0,2.1985401277291317e-08
46.5,150.0,2.321279168882029e-08
46.75,150.0,2.4520311114883953e-08
47.0,150.0,2.5815761639513823e-08
47.25,150.0,2.7174730909962364e-08
47.5,150.0,2.8785171801715137e-08
47.75,150.0,3.076940480184476e-08
48.0,150.0,3.3077457328722915e-08
48.25,150.0,3.554034000430306e-08
48.5,150.0,3.8070979813120687e-08
48.75,150.0,4.082191673582258e-08
49.0,150.0,4.407863385402777e-08
49.25,150.0,4.8001304597811156e-08
49.5,150.0,5.248403955881997e-08
49.75,150.0,5.7268859099401936e-08
50.0,150.0,6.227640869660434e-08
50.25,150.0,6.781483685713852e-08
50.5,150.0,7.434531656969057e-08
50.75,150.0,8.202713963623154e-08
51.0,150.0,9.049867311095028e-08
51.25,150.0,9.915581777875104e-08
51.5,150.0,1.0780724413184117e-07
51.75,150.0,1.1697796165055507e-07
52.0,150.0,1.2729573883873968e-07
52.25,150.0,1.3849961633116692e-07
52.5,150.0,1.4905510314910941e-07
52.75,150.0,1.5696929533959292e-07
53.0,150.0,1.6142191272550122e-07
53.25,150.0,1.6350052134406212e-07
53.5,150.0,1.6499707422568122e-07
53.75,150.0,1.6660090240705472e-07
54.0,150.0,1.6725771012637836e-07
54.25,150.0,1.6516496814666937e-07
54.5,150.0,1.5954618737268333e-07
54.75,150.0,1.5142947940027796e-07
55.0,150.0,1.4266597014866989e-07
55.25,150.0,1.3448659030856902e-07
55.5,150.0,1.269780041113222e-07
55.75,150.0,1.1959238088721236e-07
56.0,150.0,1.1200842031655611e-07
56.25,150.0,1.0450736731559829e-07
56.5,150.0,9.76260036145149e-08
56.75,150.0,9.163467229456046e-08
57.0,150.0,8.637343551498589e-08
57.25,150.0,8.149160857229276e-08
57.5,150.0,7.68029732034492e-08
57.75,150.0,7.240619193105147e-08
58.0,150.0,6.849833877886624e-08
58.25,150.0,6.51366027781819e-08
58.5,150.0,6.218047443606878e-08
58.75,150.0,5.9427319509808285e-08
59.0,150.0,5.678967440747584e-08
59.25,150.0,5.4335904664526424e-08
59.5,150.0,5.217308385319086e-08
59.75,150.0,5.03166331933258e-08
60.0,150.0,4.8669884011864895e-08
45.0,152.5,1.8029527093510467e-08
45.25,152.5,1.8674468638124608e-08
45.5,152.5,1.9301537923510637e-08
45.75,152.5,2.0024947922081537e-08
46.0,152.5,2.0955730706262443e-08
46.25,152.5,2.209884275572449e-08
46.5,152.5,2.3351449329744867e-08
46.75,152.5,2.4611765181425937e-08
47.0,152.5,2.591377423755148e-08
47.25,152.5,2.741802562766793e-08
47.5,152.5,2.9259713096863038e-08
47.75,152.5,3.142799998023804e-08
48.0,152.5,3.3783434383316546e-08
48.25,152.5,3.622110267276213e-08
48.5,152.5,3.8838649518702084e-08
48.75,152.5,4.188832614104854e-08
49.0,152.5,4.5550930583004856e-08
49.25,152.5,4.977592948929299e-08
49.5,152.5,5.434224159550638e-08
49.75,152.5,5.913620881869974e-08
50.0,152.5,6.438261790364663e-08
50.25,152.5,7.049906591838351e-08
50.5,152.5,7.769017773551212e-08
50.75,152.5,8.56969055718082e-08
51.0,152.5,9.397879840999934e-08
51.25,152.5,1.0227943669782746e-07
51.5,152.5,1.10982233070267e-07
51.75,152.5,1.206652143759257e-07
52.0,152.5,1.312047415158446e-07
52.25,152.5,1.413250196868887e-07
52.5,152.5,1.49202828314543e-07
52.75,152.5,1.539037279840727e-07
53.0,152.5,1.5621028937040649e-07
53.25,152.5,1.5772465888908016e-07
53.5,152.5,1.5921944462871096e-07
53.75,152.5,1.5990097945728365e-07
54.0,152.5,1.5816738718754664e-07
54.25,152.5,1.531912691143944e-07
54.5,152.5,1.4576011886369145e-07
54.75,152.5,1.3753018335282974e-07
55.0,152.5,1.297107898867722e-07
55.25,152.5,1.2249064273994748e-07
55.5,152.5,1.1542511624273999e-07
55.75,152.5,1.0820704599012743e-07
56.0,152.5,1.0105495595880143e-07
56.25,152.5,9.444699078375862e-08
56.5,152.5,8.865048450878987e-08
56.75,152.5,8.354756841910671e-08
57.0,152.5,7.883090868965326e-08
57.25,152.5,7.432225679337989e-08
57.5,152.5,7.009540592406438e-08
57.75,152.5,6.63221916274992e-08
58.0,152.5,6.305820088314817e-08
58.25,152.5,6.018295328757972e-08
58.5,152.5,5.75156295923307e-08
58.75,152.5,5.4973243068801025e-08
59.0,152.5,5.2610922063323073e-08
59.25,152.5,5.052108931202781e-08
59.5,152.5,4.871718539689596e-08
59.75,152.5,4.711372392218749e-08
60.0,152.5,4.5604991005809836e-08
45.0,155.0,1.787010428522251e-08
45.25,155.0,1.8481790986513147e-08
45.5,155.0,1.9155969810391582e-08
45.75,155.0,2.0006501344482785e-08
46.0,155.0,2.1066389965795906e-08
46.25,155.0,2.226061601717788e-08
46.5,155.0,2.3484826305875117e-08
46.75,155.0,2.473650262402316e-08
47.0,155.0,2.6145878462280336e-08
47.25,155.0,2.785507424718503e-08
47.5,155.0,2.98882941729417e-08
47.75,155.0,3.2136775462987544e-08
48.0,155.0,3.4485200806066985e-08
48.25,155.0,3.698184380951375e-08
48.5,155.0,3.9843289334484666e-08
48.75,155.0,4.326477265337303e-08
49.0,155.0,4.724601065930756e-08
49.25,155.0,5.160377769541924e-08
49.5,155.0,5.6199072506757375e-08
49.75,155.0,6.118104955987747e-08
50.0,155.0,6.692255938300917e-08
50.25,155.0,7.366607923664503e-08
50.5,155.0,8.124643724460867e-08
50.75,155.0,8.918575811200924e-08
51.0,155.0,9.717467042147376e-08
51.25,155.0,1.054689207080628e-07
51.5,155.0,1.1459878068720286e-07
51.75,155.0,1.2456473119648592e-07
52.0,155.0,1.3432507151023287e-07
52.25,155.0,1.4220813016052603e-07
52.5,155.0,1.471728252600002e-07
52.75,155.0,1.4972076545216595e-07
53.0,155.0,1.5128180819168335e-07
53.25,155.0,1.5271067610456157e-07
53.5,155.0,1.5345291548563011e-07
53.75,155.0,1.520806431898336e-07
54.0,155.0,1.477084121681571e-07
54.25,155.0,1.4090031297264716e-07
54.5,155.0,1.331415708794026e-07
54.75,155.0,1.256332285981543e-07
55.0,155.0,1.1866295634987978e-07
55.25,155.0,1.1187692894321088e-07
55.5,155.0,1.0497491842453854e-07
55.75,155.0,9.81176278003204e-08
56.0,155.0,9.173502812931389e-08
56.25,155.0,8.609750046240094e-08
56.5,155.0,8.112657190473271e-08
56.75,155.0,7.655033740228134e-08
57.0,155.0,7.219339059894025e-08
57.25,155.0,6.810665476031375e-08
57.5,155.0,6.444244204928395e-08
57.75,155.0,6.12580968173404e-08
58.0,155.0,5.8451261386593956e-08
58.25,155.0,5.585778661831853e-08
58.5,155.0,5.339585307240213e-08
58.75,155.0,5.110872280944534e-08
59.0,155.0,4.907806561149641e-08
59.25,155.0,4.7317666673762915e-08
59.5,155.0,4.575189316291528e-08
59.75,155.0,4.4284749201040086e-08
60.0,155.0,4.2882700390656225e-08
45.0,157.5,1.753363554346521e-08
45.25,157.5,1.8162972348356732e-08
45.5,157.5,1.8929973144565793e-08
45.75,157.5,1.9888341418194955e-08
46.0,157.5,2.099649054621011e-08
46.25,157.5,2.216295080792463e-08
46.5,157.5,2.3357221490272195e-08
46.75,157.5,2.4668790121751272e-08
47.0,157.5,2.623005523894051e-08
47.25,157.5,2.8093795068073746e-08
47.5,157.5,3.019132299719729e-08
47.75,157.5,3.241546309151744e-08
48.0,157.5,3.477113574845703e-08
48.25,157.5,3.742259224726041e-08
48.5,157.5,4.055849300854675e-08
48.75,157.5,4.4223649631192075e-08
49.0,157.5,4.82893044440047e-08
49.25,157.5,5.2615364398711506e-08
49.5,157.5,5.727609753147789e-08
49.75,157.5,6.256969153906056e-08
50.0,157.5,6.874680991142412e-08
50.25,157.5,7.573681459760451e-08
50.5,157.5,8.316045385647897e-08
50.75,157.5,9.06939683353869e-08
51.0,157.5,9.845477155767668e-08
51.25,157.5,1.0686849882812766e-07
51.5,157.5,1.160213556339329e-07
51.75,157.5,1.2513995328866656e-07
52.0,157.5,1.3280659671988104e-07
52.25,157.5,1.3795991904430593e-07
52.5,157.5,1.407940275477415e-07
52.75,157.5,1.4245435286941444e-07
53.0,157.5,1.4380080481934954e-07
53.25,157.5,1.4454523877827086e-07
53.5,157.5,1.43533958718578e-07
53.75,157.5,1.398972435673329e-07
54.0,157.5,1.3394714049042022e-07
54.25,157.5,1.2690425954531293e-07
54.5,157.5,1.198955970060922e-07
54.75,157.5,1.1330885663074497e-07
55.0,157.5,1.0692160956615737e-07
55.25,157.5,1.0047009868507928e-07
55.5,157.5,9.404936585077905e-08
55.75,157.5,8.801444650874402e-08
56.0,157.5,8.262512962708968e-08
56.25,157.5,7.785171463048357e-08
56.5,157.5,7.347666808321662e-08
56.75,157.5,6.933677942910776e-08
57.0,157.5,6.545386022072108e-08
57.25,157.5,6.19498752296721e-08
57.5,157.5,5.8881298392599035e-08
57.75,157.5,5.6171121642911714e-08
58.0,157.5,5.3680838441039214e-08
58.25,157.5,5.1331869421744614e-08
58.5,157.5,4.915036133645856e-08
58.75,157.5,4.720177804173886e-08
59.0,157.5,4.550052079554945e-08
59.25,157.5,4.398599551258542e-08
59.5,157.5,4.257645680461053e-08
59.75,157.5,4.1238860215564443e-08
60.0,157.5,4.000257824987585e-08
45.0,160.0,1.7085503567493276e-08
45.25,160.0,1.7773124305620058e-08
45.5,160.0,1.8623100395132042e-08
45.75,160.0,1.9625363445463506e-08
46.0,160.0,2.0711898640612958e-08
46.25,160.0,2.183801750543779e-08
46.5,160.0,2.3052014963553802e-08
46.75,160.0,2.4462675218828167e-08
47.0,160.0,2.6139272968350724e-08
47.25,160.0,2.8053333100963584e-08
47.5,160.0,3.012011218217481e-08
47.75,160.0,3.2315625619894206e-08
48.0,160.0,3.474734500130694e-08
48.25,160.0,3.757861677389229e-08
48.5,160.0,4.08853925160102e-08
48.75,160.0,4.459714908477963e-08
49.0,160.0,4.8593905566107765e-08
49.25,160.0,5.28909004371414e-08
49.5,160.0,5.769933497656865e-08
49.75,160.0,6.32491363727894e-08
50.0,160.0,6.954725484398239e-08
50.25,160.0,7.632694365433679e-08
50.5,160.0,8.328824230297016e-08
50.75,160.0,9.043026327759662e-08
51.0,160.0,9.80455998611518e-08
51.25,160.0,1.0625888335891176e-07
51.5,160.0,1.1455124759862656e-07
51.75,160.0,1.2180819952689603e-07
52.0,160.0,1.270336249525883e-07
52.25,160.0,1.301499432670994e-07
52.5,160.0,1.319632629837031e-07
52.75,160.0,1.3325827630250586e-07
53.0,160.0,1.3398581988344205e-07
53.25,160.0,1.3331066794908253e-07
53.5,160.0,1.3044964830566386e-07
53.75,160.0,1.2548565375691823e-07
54.0,160.0,1.193294114631982e-07
54.25,160.0,1.1297431734558216e-07
54.5,160.0,1.068839831086521e-07
54.75,160.0,1.009816599228941e-07
55.0,160.0,9.506568843242746e-08
55.25,160.0,8.917422023024812e-08
55.5,160.0,8.357588621166201e-08
55.75,160.0,7.850649363927431e-08
56.0,160.0,7.398355039711646e-08
56.25,160.0,6.985252265501174e-08
56.5,160.0,6.597123136664607e-08
56.75,160.0,6.233366178776123e-08
57.0,160.0,5.90267859035265e-08
57.25,160.0,5.610281461621014e-08
57.5,160.0,5.351157772448545e-08
57.75,160.0,5.1144347423814907e-08
58.0,160.0,4.89283333848789e-08
58.25,160.0,4.6871672321202595e-08
58.5,160.0,4.50213650804443e-08
58.75,160.0,4.339185843971194e-08
59.0,160.0,4.193922742423695e-08
59.25,160.0,4.0597834427558155e-08
59.5,160.0,3.933536185662945e-08
59.75,160.0,3.816861393612925e-08
60.0,160.0,3.712879104167399e-08
45.0,162.5,1.658031645312974e-08
45.25,162.5,1.7324957468645152e-08
45.5,162.5,1.8211875119078513e-08
45.75,162.5,1.920027692392523e-08
46.0,162.5,2.0245182308364917e-08
46.25,162.5,2.1361890922833027e-08
46.5,162.5,2.2628102058774857e-08
46.75,162.5,2.4115675345548482e-08
47.0,162.5,2.5828822414197816e-08
47.25,162.5,2.7712248051869892e-08
47.5,162.5,2.9730113482173692e-08
47.75,162.5,3.194016495733365e-08
48.0,162.5,3.446858420907972e-08
48.25,162.5,3.74044361040049e-08
48.5,162.5,4.072787440634329e-08
48.75,162.5,4.4352157502203227e-08
49.0,162.5,4.825696864330098e-08
49.25,162.5,5.257183688378575e-08
49.5,162.5,5.748470455202437e-08
49.75,162.5,6.305272071127632e-08
50.0,162.5,6.91147108433654e-08
50.25,162.5,7.542270530347395e-08
50.5,162.5,8.189660150037525e-08
50.75,162.5,8.869761169982837e-08
51.0,162.5,9.594542826896202e-08
51.25,162.5,1.0332733435536312e-07
51.5,162.5,1.1002975730534104e-07
51.75,162.5,1.151882812466809e-07
52.0,162.5,1.1853252313009932e-07
52.25,162.5,1.2053497577824146e-07
52.5,162.5,1.2183876030302798e-07
52.75,162.5,1.2256593928672288e-07
53.0,162.5,1.2218893685744803e-07
53.25,162.5,1.2006493044225408e-07
53.5,162.5,1.1610889993907136e-07
53.75,162.5,1.1092675056278978e-07
54.0,162.5,1.0533461347606021e-07
54.25,162.5,9.982907911432193e-08
54.5,162.5,9.446721549455361e-08
54.75,162.5,8.912650351078355e-08
55.0,162.5,8.380935112572985e-08
55.25,162.5,7.87017828685066e-08
55.5,162.5,7.400475632302062e-08
55.75,162.5,6.977231425953079e-08
56.0,162.5,6.591160262026108e-08
56.25,162.5,6.230863114353724e-08
56.5,162.5,5.8937038138751063e-08
56.75,162.5,5.5850038593874274e-08
57.0,162.5,5.3091922747050546e-08
57.25,162.5,5.0635831971845846e-08
57.5,162.5,4.840259748561948e-08
57.75,162.5,4.632805250537331e-08
58.0,162.5,4.440520995352415e-08
58.25,162.5,4.266310338341128e-08
58.5,162.5,4.111481122226479e-08
58.75,162.5,3.973155882075474e-08
59.0,162.5,3.846352314429424e-08
59.25,162.5,3.7280170506193144e-08
59.5,162.5,3.6187035479251506e-08
59.75,162.5,3.520476443696907e-08
60.0,162.5,3.433702888688828e-08
45.0,165.0,1.6038527617112663e-08
45.25,165.0,1.681058536817659e-08
45.5,165.0,1.768993773687555e-08
45.75,165.0,1.8641269305952335e-08
46.0,165.0,1.9659516903303142e-08
46.25,165.0,2.0791459887092856e-08
46.5,165.0,2.2099801988417767e-08
46.75,165.0,2.3609614152597658e-08
47.0,165.0,2.529463360989581e-08
47.25,165.0,2.7121407342178827e-08
47.5,165.0,2.9112136479270134e-08
47.75,165.0,3.135295933986981e-08
48.0,165.0,3.392927716561189e-08
48.25,165.0,3.6857312424309896e-08
48.5,165.0,4.00870875383319e-08
48.75,165.0,4.3585561049219734e-08
49.0,165.0,4.741826531429183e-08
49.25,165.0,5.172159256439102e-08
49.5,165.0,5.657393264968391e-08
49.75,165.0,6.189845735971033e-08
50.0,165.0,6.75125415572353e-08
50.25,165.0,7.329992612881142e-08
50.5,165.0,7.931487644441404e-08
50.75,165.0,8.564276465783394e-08
51.0,165.0,9.211382578921956e-08
51.25,165.0,9.817539670109454e-08
51.5,165.0,1.0313126708183518e-07
51.75,165.0,1.0661136728984388e-07
52.0,165.0,1.0880801970536425e-07
52.25,165.0,1.1018469869839009e-07
52.5,165.0,1.1095041851927334e-07
52.75,165.0,1.108329975574307e-07
53.0,165.0,1.0935695193836636e-07
53.25,165.0,1.0634592040315027e-07
53.5,165.0,1.0214605050684611e-07
53.75,165.0,9.737611539328839e-08
54.0,165.0,9.25163681220198e-08
54.25,165.0,8.772596782335995e-08
54.5,165.0,8.296646902827831e-08
54.75,165.0,7.82300728641161e-08
55.0,165.0,7.363569887175458e-08
55.25,165.0,6.93436159604488e-08
55.5,165.0,6.542909480877768e-08
55.75,165.0,6.185204770581265e-08
56.0,165.0,5.8530720381533285e-08
56.25,165.0,5.542894343513183e-08
56.5,165.0,5.257188995244633e-08
56.75,165.0,4.9993117201552195e-08
57.0,165.0,4.7682625403666634e-08
57.25,165.0,4.5587367214494634e-08
57.5,165.0,4.365417693996676e-08
57.75,165.0,4.186598845379308e-08
58.0,165.0,4.0236375120628054e-08
58.25,165.0,3.877537846364021e-08
58.5,165.0,3.746594123832381e-08
58.75,165.0,3.627228895020096e-08
59.0,165.0,3.516707758333126e-08
59.25,165.0,3.4147384919691603e-08
59.5,165.0,3.322466168853566e-08
59.75,165.0,3.240252066660787e-08
60.0,165.0,3.1666386179907136e-08
45.0,167.5,1.5551473886432632e-08
45.25,167.5,1.6326750174044946e-08
45.5,167.5,1.7183811040766273e-08
45.75,167.5,1.8108617272361016e-08
46.0,167.5,1.912398328585141e-08
46.25,167.5,2.0278552836927588e-08
46.5,167.5,2.1607029276893286e-08
46.75,167.5,2.310555136109116e-08
47.0,167.5,2.4749738924967346e-08
47.25,167.5,2.6541415953929004e-08
47.5,167.5,2.8533608142922162e-08
47.75,167.5,3.079936372607506e-08
48.0,167.5,3.3375383790001933e-08
48.25,167.5,3.624225575205031e-08
48.5,167.5,3.936842174478983e-08
48.75,167.5,4.2778435682677696e-08
49.0,167.5,4.6563360944773535e-08
49.25,167.5,5.0803721896031107e-08
49.5,167.5,5.547943671135869e-08
49.75,167.5,6.046720502084213e-08
50.0,167.5,6.564538046482937e-08
50.25,167.5,7.099892007644826e-08
50.5,167.5,7.657453582332607e-08
50.75,167.5,8.228778880514653e-08
51.0,167.5,8.777693683015286e-08
51.25,167.5,9.249957932944142e-08
51.5,167.5,9.605375872467903e-08
51.75,167.5,9.843516735053015e-08
52.0,167.5,9.994081584530079e-08
52.25,167.5,1.0080166412684832e-07
52.5,167.5,1.009212688973804e-07
52.75,167.5,9.997191408039896e-08
53.0,167.5,9.774389653216531e-08
53.25,167.5,9.43971576461422e-08
53.5,167.5,9.037676163003994e-08
53.75,167.5,8.611862623020272e-08
54.0,167.5,8.184512789721765e-08
54.25,167.5,7.758903519672344e-08
54.5,167.5,7.335025564714215e-08
54.75,167.5,6.920386375064425e-08
55.0,167.5,6.527473561668273e-08
55.25,167.5,6.164688914900296e-08
55.5,167.5,5.831818672419331e-08
55.75,167.5,5.5235702678402276e-08
56.0,167.5,5.2361885716223355e-08
56.25,167.5,4.970298284057151e-08
56.5,167.5,4.728251368213421e-08
56.75,167.5,4.5100543522025305e-08
57.0,167.5,4.3123295934144323e-08
57.25,167.5,4.130797148782506e-08
57.5,167.5,3.963236383519586e-08
57.75,167.5,3.809907767049481e-08
58.0,167.5,3.671477266653511e-08
58.25,167.5,3.546990701153163e-08
58.5,167.5,3.4339099119762295e-08
58.75,167.5,3.329843778487884e-08
59.0,167.5,3.2339823041738214e-08
59.25,167.5,3.1468055827765795e-08
59.5,167.5,3.06860673537912e-08
59.75,167.5,2.998493331407559e-08
60.0,167.5,2.9347970276205615e-08
45.0,170.0,1.5740377445894183e-08
45.25,170.0,1.655845072168205e-08
45.5,170.0,1.744511579637731e-08
45.75,170.0,1.8407291801914027e-08
46.0,170.0,1.948851835464893e-08
46.25,170.0,2.0734665096000526e-08
46.5,170.0,2.215703243102496e-08
46.75,170.0,2.3733125131819577e-08
47.0,170.0,2.54484808781541e-08
47.25,170.0,2.7338043273594792e-08
47.5,170.0,2.947577448786376e-08
47.75,170.0,3.1918389153950955e-08
48.0,170.0,3.466449338684896e-08
48.25,170.0,3.767689449318823e-08
48.5,170.0,4.095353078881203e-08
48.75,170.0,4.4568904122854747e-08
49.0,170.0,4.862258173865541e-08
49.25,170.0,5.313717466037815e-08
49.5,170.0,5.80153824980556e-08
49.75,170.0,6.311641698175663e-08
50.0,170.0,6.838481902970983e-08
50.25,170.0,7.3868648642339e-08
50.5,170.0,7.955546943438918e-08
50.75,170.0,8.517577110289665e-08
51.0,170.0,9.020700275641502e-08
51.25,170.0,9.415191493111763e-08
51.5,170.0,9.686962387789322e-08
51.75,170.0,9.860598071398385e-08
52.0,170.0,9.966406211425749e-08
52.25,170.0,1.0005599659912434e-07
52.5,170.0,9.948254220404351e-08
52.75,170.0,9.764902220155136e-08
53.0,170.0,9.459735661465629e-08
53.25,170.0,9.072516959918175e-08
53.5,170.0,8.65112333992002e-08
53.75,170.0,8.224995484695796e-08
54.0,170.0,7.80109110642968e-08
54.25,170.0,7.378297528504163e-08
54.5,170.0,6.961690390827613e-08
54.75,170.0,6.56352103778346e-08
55.0,170.0,6.194314883245511e-08
55.25,170.0,5.8560676530206024e-08
55.5,170.0,5.54394288254656e-08
55.75,170.0,5.253101986735231e-08
56.0,170.0,4.983144563652786e-08
56.25,170.0,4.7365454447501065e-08
56.5,170.0,4.514227480711952e-08
56.75,170.0,4.313453239035425e-08
57.0,170.0,4.129721675738551e-08
57.25,170.0,3.960104244526974e-08
57.5,170.0,3.804453219125037e-08
57.75,170.0,3.6636505384990414e-08
58.0,170.0,3.537218185023505e-08
58.25,170.0,3.422804650821121e-08
58.5,170.0,3.3177525615712966e-08
58.75,170.0,3.220854649654825e-08
59.0,170.0,3.132468373578945e-08
59.25,170.0,3.053097619165612e-08
59.5,170.0,2.982110280935757e-08
59.75,170.0,2.9178626403947305e-08
60.0,170.0,2.8589130840472876e-08
45.0,172.5,1.5866209013282173e-08
45.25,172.5,1.6709047589991144e-08
45.5,172.5,1.761867074456802e-08
45.75,172.5,1.8625835873642416e-08
46.0,172.5,1.9780300508642767e-08
46.25,172.5,2.1109266112873115e-08
46.5,172.5,2.2600499582914324e-08
46.75,172.5,2.4230509376721443e-08
47.0,172.5,2.601281012815093e-08
47.25,172.5,2.8010910924081145e-08
47.5,172.5,3.0294354913529276e-08
47.75,172.5,3.28845608521533e-08
48.0,172.5,3.5751248295134985e-08
48.25,172.5,3.887137922653494e-08
48.5,172.5,4.229177175130161e-08
48.75,172.5,4.611306203550214e-08
49.0,172.5,5.039503903070397e-08
49.25,172.5,5.508122891129119e-08
49.5,172.5,6.003295716094925e-08
49.75,172.5,6.515512662730316e-08
50.0,172.5,7.04700446885198e-08
50.25,172.5,7.601095242115719e-08
50.5,172.5,8.161075948365237e-08
50.75,172.5,8.681808683075332e-08
51.0,172.5,9.109203347179573e-08
51.25,172.5,9.415391488687419e-08
51.5,172.5,9.614433527094235e-08
51.75,172.5,9.738940942582985e-08
52.0,172.5,9.801389566632679e-08
52.25,172.5,9.779707998980314e-08
52.5,172.5,9.6403860005978e-08
52.75,172.5,9.37528669142651e-08
53.0,172.5,9.014936019902109e-08
53.25,172.5,8.60762141563498e-08
53.5,172.5,8.189451394802205e-08
53.75,172.5,7.772939747408003e-08
54.0,172.5,7.357529330231927e-08
54.25,172.5,6.945735342434034e-08
54.5,172.5,6.548328479460963e-08
54.75,172.5,6.177172284793642e-08
55.0,172.5,5.8368083699633644e-08
55.25,172.5,5.5237495577564744e-08
55.5,172.5,5.232578426106471e-08
55.75,172.5,4.9616414643516293e-08
56.0,172.5,4.713041568127352e-08
56.25,172.5,4.488458560381048e-08
56.5,172.5,4.286091681571236e-08
56.75,172.5,4.1016206209221195e-08
57.0,172.5,3.931524372724482e-08
57.25,172.5,3.775042933806816e-08
57.5,172.5,3.6330434771691955e-08
57.75,172.5,3.5055211178303125e-08
58.0,172.5,3.39051300368709e-08
58.25,172.5,3.285278915576839e-08
58.5,172.5,3.1882084972068014e-08
58.75,172.5,3.0993884791996607e-08
59.0,172.5,3.019426930706004e-08
59.25,172.5,2.947994581781188e-08
59.5,172.5,2.8836049992264634e-08
59.75,172.5,2.8246828875921892e-08
60.0,172.5,2.770659701667455e-08
45.0,175.0,1.591707821102517e-08
45.25,175.0,1.677330696558954e-08
45.5,175.0,1.770914892507136e-08
45.75,175.0,1.8769319876099644e-08
46.0,175.0,1.999281462605751e-08
46.25,175.0,2.1382776549394578e-08
46.5,175.0,2.2916327058197794e-08
46.75,175.0,2.4588491243093813e-08
47.0,175.0,2.6443712997092916e-08
47.25,175.0,2.8553262199082496e-08
47.5,175.0,3.095966327748556e-08
47.75,175.0,3.364986633780376e-08
48.0,175.0,3.659154879098736e-08
48.25,175.0,3.980128848724007e-08
48.5,175.0,4.3363454826916836e-08
48.75,175.0,4.736065273291956e-08
49.0,175.0,5.178220718882187e-08
49.25,175.0,5.6513426605064865e-08
49.5,175.0,6.143391328983228e-08
49.75,175.0,6.652445705412902e-08
50.0,175.0,7.183048245096302e-08
50.25,175.0,7.727494066855911e-08
50.5,175.0,8.251134353542966e-08
50.75,175.0,8.701555065382394e-08
51.0,175.0,9.040096693446742e-08
51.25,175.0,9.266911882299667e-08
51.5,175.0,9.410854473479446e-08
51.75,175.0,9.493194230714153e-08
52.0,175.0,9.503011977329834e-08
52.25,175.0,9.408305845504117e-08
52.5,175.0,9.19073563920847e-08
52.75,175.0,8.868502177072912e-08
53.0,175.0,8.485628888443841e-08
53.25,175.0,8.082746405513319e-08
53.5,175.0,7.678978897196487e-08
53.75,175.0,7.276385527443807e-08
54.0,175.0,6.875635372161071e-08
54.25,175.0,6.485080139562172e-08
54.5,175.0,6.116770567832219e-08
54.75,175.0,5.7776388007191315e-08
55.0,175.0,5.466311003843316e-08
55.25,175.0,5.177557915736486e-08
55.5,175.0,4.908543149717559e-08
55.75,175.0,4.6605311943004324e-08
56.0,175.0,4.4356040618254156e-08
56.25,175.0,4.233019434973784e-08
56.5,175.0,4.049050250642949e-08
56.75,175.0,3.8798481094559634e-08
57.0,175.0,3.723945773970172e-08
57.25,175.0,3.5819334609499265e-08
57.5,175.0,3.4541662419229624e-08
57.75,175.0,3.33920637807239e-08
58.0,175.0,3.23445067396122e-08
58.25,175.0,3.137962933941196e-08
58.5,175.0,3.0494490932397866e-08
58.75,175.0,2.969476764480561e-08
59.0,175.0,2.8980002175771347e-08
59.25,175.0,2.8338019930629343e-08
59.5,175.0,2.7752885767284852e-08
59.75,175.0,2.721643699299392e-08
60.0,175.0,2.6730879953973385e-08
45.0,177.5,1.5888979243428025e-08
45.25,177.5,1.6756939169582097e-08
45.5,177.5,1.772587809867332e-08
45.75,177.5,1.8838907989149334e-08
46.0,177.5,2.011474453667006e-08
46.25,177.5,2.1539628192179805e-08
46.5,177.5,2.3098021939560454e-08
46.75,177.5,2.4812445653665804e-08
47.0,177.5,2.6744484848961747e-08
47.25,177.5,2.8950114749903832e-08
47.5,177.5,3.1438182612752996e-08
47.75,177.5,3.418033633906248e-08
48.0,177.5,3.716922047924953e-08
48.25,177.5,4.046175394734064e-08
48.5,177.5,4.4144728983397385e-08
48.75,177.5,4.824713784046253e-08
49.0,177.5,5.2693557406335856e-08
49.25,177.5,5.736042085757731e-08
49.5,177.5,6.21870490657983e-08
49.75,177.5,6.720153078454416e-08
50.0,177.5,7.238779764495717e-08
50.25,177.5,7.751324460070208e-08
50.5,177.5,8.21231374015241e-08
50.75,177.5,8.577560528522099e-08
51.0,177.5,8.833058329216215e-08
51.25,177.5,8.998415290673023e-08
51.5,177.5,9.09888780986634e-08
51.75,177.5,9.135282941219458e-08
52.0,177.5,9.082219820655268e-08
52.25,177.5,8.915493310279743e-08
52.5,177.5,8.640282089800166e-08
52.75,177.5,8.291981790087277e-08
53.0,177.5,7.912206689830725e-08
53.25,177.5,7.526390166656682e-08
53.5,177.5,7.141080282657697e-08
53.75,177.5,6.756576276245596e-08
54.0,177.5,6.378529293638024e-08
54.25,177.5,6.01795526744553e-08
54.5,177.5,5.6835100625818313e-08
54.75,177.5,5.3763424157082795e-08
55.0,177.5,5.092270372042407e-08
55.25,177.5,4.82767890108704e-08
55.5,177.5,4.58270730252508e-08
55.75,177.5,4.35937199672054e-08
56.0,177.5,4.1578895215721445e-08
56.25,177.5,3.975446172255204e-08
56.5,177.5,3.808231840984888e-08
56.75,177.5,3.654130897867702e-08
57.0,177.5,3.5132333042753316e-08
57.25,177.5,3.386051450338101e-08
57.5,177.5,3.271704740459569e-08
57.75,177.5,3.167932316472388e-08
58.0,177.5,3.0726246214030084e-08
58.25,177.5,2.9850678706644374e-08
58.5,177.5,2.9056407169214538e-08
58.75,177.5,2.8344993796558526e-08
59.0,177.5,2.7707582672675812e-08
59.25,177.5,2.712931812531849e-08
59.5,177.5,2.6600108338215023e-08
59.75,177.5,2.61196554385279e-08
60.0,177.5,2.569208001901302e-08
45.0,180.0,1.5787485985185867e-08
45.25,180.0,1.6671340752338892e-08
45.5,180.0,1.767589563606009e-08
45.75,180.0,1.8830910497591447e-08
46.0,180.0,2.0136323719555094e-08
46.25,180.0,2.1575688791131142e-08
46.5,180.0,2.3153103656525786e-08
46.75,180.0,2.491259665227119e-08
47.0,180.0,2.6912684969460088e-08
47.25,180.0,2.9182018246309838e-08
47.5,180.0,3.170635043403536e-08
47.75,180.0,3.446638041637584e-08
48.0,180.0,3.748956367566336e-08
48.25,180.0,4.084999682962831e-08
48.5,180.0,4.460175706544334e-08
48.75,180.0,4.871315772980722e-08
49.0,180.0,5.3079156514534986e-08
49.25,180.0,5.7611508896826535e-08
49.5,180.0,6.230425753095403e-08
49.75,180.0,6.716731448808133e-08
50.0,180.0,7.206741237109071e-08
50.25,180.0,7.665131906975375e-08
50.5,180.0,8.048134059190915e-08
50.75,180.0,8.330481882090623e-08
51.0,180.0,8.519254246497354e-08
51.25,180.0,8.6379076558174e-08
51.5,180.0,8.69665776059847e-08
51.75,180.0,8.679980800785358e-08
52.0,180.0,8.563137665618115e-08
52.25,180.0,8.340252577454521e-08
52.5,180.0,8.035228127312166e-08
52.75,180.0,7.686464686962324e-08
53.0,180.0,7.323871287212569e-08
53.25,180.0,6.95953429330487e-08
53.5,180.0,6.595237533879583e-08
53.75,180.0,6.23447018455181e-08
54.0,180.0,5.8862901441969484e-08
54.25,180.0,5.560051519193365e-08
54.5,180.0,5.259343560659602e-08
54.75,180.0,4.98175657392963e-08
55.0,180.0,4.7235603539697024e-08
55.25,180.0,4.4837714652246063e-08
55.5,180.0,4.2638939712347224e-08
55.75,180.0,4.064803094117053e-08
56.0,180.0,3.884741373028078e-08
56.25,180.0,3.720316932298573e-08
56.5,180.0,3.568976136847368e-08
56.75,180.0,3.430191286568629e-08
57.0,180.0,3.3043915048658334e-08
57.25,180.0,3.191170783178876e-08
57.5,180.0,3.0887513213784246e-08
57.75,180.0,2.995043379971918e-08
58.0,180.0,2.9089613384769564e-08
58.25,180.0,2.8305803367878468e-08
58.5,180.0,2.7601341434646542e-08
58.75,180.0,2.6970668698389488e-08
59.0,180.0,2.6401086872240853e-08
59.25,180.0,2.588151959415086e-08
59.5,180.0,2.5409048975966186e-08
59.75,180.0,2.4986532509707615e-08
60.0,180.0,2.4614874138961795e-08
45.0,182.5,1.5624035176742268e-08
45.25,182.5,1.6527122781440085e-08
45.5,182.5,1.7561698983925567e-08
45.75,182.5,1.8741024288004837e-08
46.0,182.5,2.0055558658249595e-08
46.25,182.5,2.1498831159760812e-08
46.5,182.5,2.3095322321253775e-08
46.75,182.5,2.4895732475549437e-08
47.0,182.5,2.694102541056509e-08
47.25,182.5,2.9235178056197242e-08
47.5,182.5,3.1759652907581426e-08
47.75,182.5,3.451887720107294e-08
48.0,182.5,3.7564116595056873e-08
48.25,182.5,4.095679861926271e-08
48.5,182.5,4.4702616941449946e-08
48.75,182.5,4.872933812016811e-08
49.0,182.5,5.29419681427612e-08
49.25,182.5,5.72996865511044e-08
49.5,182.5,6.18087636627962e-08
49.75,182.5,6.640535454849328e-08
50.0,182.5,7.084446518312859e-08
50.25,182.5,7.47422186364588e-08
50.5,182.5,7.778320731954835e-08
50.75,182.5,7.991085015923716e-08
51.0,182.5,8.129119088984282e-08
51.25,182.5,8.20760237552065e-08
51.5,182.5,8.221413871911665e-08
51.75,182.5,8.150059271905263e-08
52.0,182.5,7.980630212234274e-08
52.25,182.5,7.724976569534192e-08
52.5,182.5,7.41448884511442e-08
52.75,182.5,7.080493147348932e-08
53.0,182.5,6.740396962801043e-08
53.25,182.5,6.3991261622931e-08
53.5,182.5,6.05924497243393e-08
53.75,182.5,5.727535157262764e-08
54.0,182.5,5.4129577153894104e-08
54.25,182.5,5.120979906791945e-08
54.5,182.5,4.851353829771199e-08
54.75,182.5,4.600984926383944e-08
55.0,182.5,4.368081252259515e-08
55.25,182.5,4.1533472661114956e-08
55.5,182.5,3.9579039379233905e-08
55.75,182.5,3.78098171660568e-08
56.0,182.5,3.619903643503619e-08
56.25,182.5,3.4719898955870576e-08
56.5,182.5,3.3361207352200495e-08
56.75,182.5,3.212431098909008e-08
57.0,182.5,3.100816570178466e-08
57.25,182.5,3.0000247508432665e-08
57.5,182.5,2.908171969906448e-08
57.75,182.5,2.8239235394522666e-08
58.0,182.5,2.7470020591557898e-08
58.25,182.5,2.6775834882641902e-08
58.5,182.5,2.6153775478654495e-08
58.75,182.5,2.5593938968171415e-08
59.0,182.5,2.5085370225497172e-08
59.25,182.5,2.462292014726586e-08
59.5,182.5,2.4207585047619773e-08
59.75,182.5,2.384073083394611e-08
60.0,182.5,2.3519036496111312e-08
45.0,185.0,1.5781677187298726e-08
45.25,185.0,1.6732521479490003e-08
45.5,185.0,1.7823789777438037e-08
45.75,185.0,1.905472568619615e-08
46.0,185.0,2.041311297773518e-08
46.25,185.0,2.1907142322419304e-08
46.5,185.0,2.3578569097182367e-08
46.75,185.0,2.5477547405117207e-08
47.0,185.0,2.762562900660015e-08
47.25,185.0,3.000963266774903e-08
47.5,185.0,3.2618024059516415e-08
47.75,185.0,3.5482018767574175e-08
48.0,185.0,3.866647413364177e-08
48.25,185.0,4.2208358586037775e-08
48.5,185.0,4.606708003951354e-08
48.75,185.0,5.014742154862972e-08
49.0,185.0,5.437979155864525e-08
49.25,185.0,5.876035424901005e-08
49.5,185.0,6.327362600533348e-08
49.75,185.0,6.775808902848013e-08
50.0,185.0,7.187157602395189e-08
50.25,185.0,7.524230860589398e-08
50.5,185.0,7.76973725358232e-08
50.75,185.0,7.933401402482332e-08
51.0,185.0,8.03413138239506e-08
51.25,185.0,8.075827051534645e-08
51.5,185.0,8.041934418390184e-08
51.75,185.0,7.913585964303138e-08
52.0,185.0,7.692159376126995e-08
52.25,185.0,7.403295287922163e-08
52.5,185.0,7.080527386627011e-08
52.75,185.0,6.74708787729017e-08
53.0,185.0,6.411521402682752e-08
53.25,185.0,6.076007441624398e-08
53.5,185.0,5.745495046394211e-08
53.75,185.0,5.428739702217911e-08
54.0,185.0,5.133009017832535e-08
54.25,185.0,4.8600143576216226e-08
54.5,185.0,4.6071635173561276e-08
54.75,185.0,4.371856210383385e-08
55.0,185.0,4.154032784420281e-08
55.25,185.0,3.9550043462455164e-08
55.5,185.0,3.774814771873025e-08
55.75,185.0,3.611303067696525e-08
56.0,185.0,3.461559372475165e-08
56.25,185.0,3.3238780172695215e-08
56.5,185.0,3.198125708703259e-08
56.75,185.0,3.0844528708939833e-08
57.0,185.0,2.982009572605193e-08
57.25,185.0,2.8890027925498885e-08
57.5,185.0,2.8038164678889643e-08
57.75,185.0,2.72585815030979e-08
58.0,185.0,2.6552744447627674e-08
58.25,185.0,2.592000547529949e-08
58.5,185.0,2.53523824156332e-08
58.75,185.0,2.4838418655193095e-08
59.0,185.0,2.437080581785267e-08
59.25,185.0,2.3949140892653986e-08
59.5,185.0,2.3575432051003986e-08
59.75,185.0,2.324800751907219e-08
60.0,185.0,2.2960445433817256e-08
45.0,187.5,1.6438969741017218e-08
45.25,187.5,1.7486775916175645e-08
45.5,187.5,1.8686811431578576e-08
45.75,187.5,2.0023036229055435e-08
46.0,187.5,2.1486191381647757e-08
46.25,187.5,2.3107435409563948e-08
46.5,187.5,2.4947989341050913e-08
46.75,187.5,2.7051978435110868e-08
47.0,187.5,2.9415863966875122e-08
47.25,187.5,3.201263709673441e-08
47.5,187.5,3.48511466352619e-08
47.75,187.5,3.800004955145653e-08
48.0,187.5,4.153310140253552e-08
48.25,187.5,4.5447177021706864e-08
48.5,187.5,4.964654565231541e-08
48.75,187.5,5.4024840823174713e-08
49.0,187.5,5.855906004548217e-08
49.25,187.5,6.327955748286485e-08
49.5,187.5,6.810735031503867e-08
49.75,187.5,7.272913271627601e-08
50.0,187.5,7.668642743041687e-08
50.25,187.5,7.965568649126453e-08
50.5,187.5,8.165379838942499e-08
50.75,187.5,8.292715647506554e-08
51.0,187.5,8.363114034626307e-08
51.25,187.5,8.364153181172895e-08
51.5,187.5,8.268559670288056e-08
51.75,187.5,8.064952949915494e-08
52.0,187.5,7.774060528653592e-08
52.25,187.5,7.435384141718515e-08
52.5,187.5,7.081742525727464e-08
52.75,187.5,6.726837875614677e-08
53.0,187.5,6.372050687097897e-08
53.25,187.5,6.019882092811457e-08
53.5,187.5,5.679237713440699e-08
53.75,187.5,5.360121480002533e-08
54.0,187.5,5.066671271425349e-08
54.25,187.5,4.796409858176531e-08
54.5,187.5,4.5452072328089344e-08
54.75,187.5,4.311894608033384e-08
55.0,187.5,4.09814142621201e-08
55.25,187.5,3.90503508418405e-08
55.5,187.5,3.7308051537010556e-08
55.75,187.5,3.5718821012054036e-08
56.0,187.5,3.425619632402288e-08
56.25,187.5,3.291588002163337e-08
56.5,187.5,3.1703622616063853e-08
56.75,187.5,3.061552866778783e-08
57.0,187.5,2.963275114176156e-08
57.25,187.5,2.8733674439784807e-08
57.5,187.5,2.7908120925346225e-08
57.75,187.5,2.715816660447956e-08
58.0,187.5,2.648661734383495e-08
58.25,187.5,2.588714753670729e-08
58.5,187.5,2.534617604688094e-08
58.75,187.5,2.4852854885182296e-08
59.0,187.5,2.4405470533395146e-08
59.25,187.5,2.400774967714625e-08
59.5,187.5,2.3660245318524176e-08
59.75,187.5,2.3356565126420037e-08
60.0,187.5,2.3087837308644055e-08
45.0,190.0,1.7099741844717187e-08
45.25,190.0,1.8253672573464996e-08
45.5,190.0,1.9558914932105154e-08
45.75,190.0,2.0991025473371394e-08
46.0,190.0,2.2560268875260192e-08
46.25,190.0,2.432744850011659e-08
46.5,190.0,2.6360043925421905e-08
46.75,190.0,2.867698079001002e-08
47.0,190.0,3.124647218744059e-08
47.25,190.0,3.404819826080541e-08
47.5,190.0,3.7134582742126554e-08
47.75,190.0,4.06058571211787e-08
48.0,190.0,4.450965507274418e-08
48.25,190.0,4.8774626670855525e-08
48.5,190.0,5.326415308815058e-08
48.75,190.0,5.790938051308814e-08
49.0,190.0,6.275544617295736e-08
49.25,190.0,6.781463479654803e-08
49.5,190.0,7.285759084929566e-08
49.75,190.0,7.739369922710182e-08
50.0,190.0,8.094090186983038e-08
50.25,190.0,8.336565882061109e-08
50.5,190.0,8.491475678162885e-08
50.75,190.0,8.587504285451075e-08
51.0,190.0,8.622993208362573e-08
51.25,190.0,8.566901654738501e-08
51.5,190.0,8.39291891541194e-08
51.75,190.0,8.110605209665778e-08
52.0,190.0,7.761631282132697e-08
52.25,190.0,7.389575507055213e-08
52.5,190.0,7.016704617335279e-08
52.75,190.0,6.645443662023354e-08
53.0,190.0,6.274968988861929e-08
53.25,190.0,5.9126175289136995e-08
53.5,190.0,5.5707010782057864e-08
53.75,190.0,5.256788426777348e-08
54.0,190.0,4.9696310067126603e-08
54.25,190.0,4.703696110386346e-08
54.5,190.0,4.4560028555906683e-08
54.75,190.0,4.228018979368642e-08
55.0,190.0,4.0220249131195374e-08
55.25,190.0,3.8371933630543253e-08
55.5,190.0,3.669604209388666e-08
55.75,190.0,3.5154649968838214e-08
56.0,190.0,3.373652335270094e-08
56.25,190.0,3.2450382048132553e-08
56.5,190.0,3.129916836819291e-08
56.75,190.0,3.026589567856064e-08
57.0,190.0,2.9323806605141556e-08
57.25,190.0,2.8456395906317766e-08
57.5,190.0,2.7664520452219676e-08
57.75,190.0,2.69547677511639e-08
58.0,190.0,2.6324258106669163e-08
58.25,190.0,2.5758418731314237e-08
58.5,190.0,2.5242228307575942e-08
58.75,190.0,2.4771198536832628e-08
59.0,190.0,2.4350196081712738e-08
59.25,190.0,2.3982801744537596e-08
59.5,190.0,2.3663793369266273e-08
59.75,190.0,2.3382350944345376e-08
60.0,190.0,2.313134217502011e-08
45.0,192.5,1.776227787075868e-08
45.25,192.5,1.902199309178343e-08
45.5,192.5,2.0419533619531194e-08
45.75,192.5,2.1939516980928886e-08
46.0,192.5,2.3626960055089796e-08
46.25,192.5,2.5564722117010774e-08
46.5,192.5,2.7803050972607934e-08
46.75,192.5,3.0322374278135555e-08
47.0,192.5,3.3077640848588885e-08
47.25,192.5,3.608672627386511e-08
47.5,192.5,3.945427473617258e-08
47.75,192.5,4.3279420047781514e-08
48.0,192.5,4.754135718432195e-08
48.25,192.5,5.209724052157583e-08
48.5,192.5,5.681975356885971e-08
48.75,192.5,6.172620281574837e-08
49.0,192.5,6.68999774466883e-08
49.25,192.5,7.223529152611263e-08
49.5,192.5,7.72849354513383e-08
49.75,192.5,8.144413843336196e-08
50.0,192.5,8.437585719001106e-08
50.25,192.5,8.623959546483206e-08
50.5,192.5,8.742726820276658e-08
50.75,192.5,8.808737650412013e-08
51.0,192.5,8.794921957377966e-08
51.25,192.5,8.661561079481572e-08
51.5,192.5,8.401085027642807e-08
51.75,192.5,8.050794009228923e-08
52.0,192.5,7.66385531703051e-08
52.25,192.5,7.274451196970233e-08
52.5,192.5,6.889383752373135e-08
52.75,192.5,6.504735050594235e-08
53.0,192.5,6.124264462226137e-08
53.25,192.5,5.761222809930189e-08
53.5,192.5,5.427173110916783e-08
53.75,192.5,5.1235595988075033e-08
54.0,192.5,4.8441752609207356e-08
54.25,192.5,4.5837043383123444e-08
54.5,192.5,4.342539672297363e-08
54.75,192.5,4.123961616642191e-08
55.0,192.5,3.9286271125149597e-08
55.25,192.5,3.752838262371938e-08
55.5,192.5,3.5916670748648016e-08
55.75,192.5,3.442849605406195e-08
56.0,192.5,3.3072246052867627e-08
56.25,192.5,3.185884489553814e-08
56.5,192.5,3.0776737269810894e-08
56.75,192.5,2.9795888978334517e-08
57.0,192.5,2.8891929515495463e-08
57.25,192.5,2.8061799550727073e-08
57.5,192.5,2.7315121386983776e-08
57.75,192.5,2.6654133233883215e-08
58.0,192.5,2.606522842008019e-08
58.25,192.5,2.5529328318008027e-08
58.5,192.5,2.503758822491875e-08
58.75,192.5,2.4594709824299343e-08
59.0,192.5,2.4207654658603417e-08
59.25,192.5,2.3873771515248166e-08
59.5,192.5,2.3581109953596524e-08
59.75,192.5,2.3319174813352106e-08
60.0,192.5,2.3087383338449285e-08
45.0,195.0,1.8419574643324665e-08
45.25,195.0,1.977240227102328e-08
45.5,195.0,2.1245975201367173e-08
45.75,195.0,2.2856108894409033e-08
46.0,195.0,2.4684674526653794e-08
46.25,195.0,2.6813058995323047e-08
46.5,195.0,2.9251178479405837e-08
46.75,195.0,3.194556474905852e-08
47.0,195.0,3.4871607823561135e-08
47.25,195.0,3.811036464185236e-08
47.5,195.0,4.179661394765333e-08
47.75,195.0,4.597696590113998e-08
48.0,195.0,5.053766294338402e-08
48.25,195.0,5.530382674034939e-08
48.5,195.0,6.022693843643623e-08
48.75,195.0,6.541468344778423e-08
49.0,195.0,7.089242193281109e-08
49.25,195.0,7.633093568326643e-08
49.5,195.0,8.108107885096416e-08
49.75,195.0,8.459343781019868e-08
50.0,195.0,8.684397179159475e-08
50.25,195.0,8.82539773483515e-08
50.5,195.0,8.916021865257306e-08
50.75,195.0,8.942302165415583e-08
51.0,195.0,8.857284128360732e-08
51.25,195.0,8.632991321810835e-08
51.5,195.0,8.293991071717244e-08
51.75,195.0,7.898516130033784e-08
52.0,195.0,7.494624898463087e-08
52.25,195.0,7.097922760657127e-08
52.5,195.0,6.703386423723146e-08
52.75,195.0,6.309625733003088e-08
53.0,195.0,5.928540725008702e-08
53.25,195.0,5.575351347264501e-08
53.5,195.0,5.255656621017124e-08
53.75,195.0,4.963972055627153e-08
54.0,195.0,4.692629507196955e-08
54.25,195.0,4.439931688970944e-08
54.5,195.0,4.209507564745252e-08
54.75,195.0,4.003822307030447e-08
55.0,195.0,3.820164806711546e-08
55.25,195.0,3.652809543730484e-08
55.5,195.0,3.497997180801349e-08
55.75,195.0,3.356012845401324e-08
56.0,195.0,3.2286542661630335e-08
56.25,195.0,3.11566048516454e-08
56.5,195.0,3.0140539175604886e-08
56.75,195.0,2.9205939333643016e-08
57.0,195.0,2.834276591201501e-08
57.25,195.0,2.7561556370514495e-08
57.5,195.0,2.687060463024693e-08
57.75,195.0,2.625979245163279e-08
58.0,195.0,2.570718837802133e-08
58.25,195.0,2.5198362285649978e-08
58.5,195.0,2.473589844065316e-08
58.75,195.0,2.432970058752204e-08
59.0,195.0,2.39810256097428e-08
59.25,195.0,2.367824292193177e-08
59.5,195.0,2.340747828899481e-08
59.75,195.0,2.3165054763296666e-08
60.0,195.0,2.2957813761159684e-08
45.0,197.5,1.9056163980124552e-08
45.25,197.5,2.048094904782971e-08
45.5,197.5,2.2021458656595883e-08
45.75,197.5,2.3738459975497506e-08
46.0,197.5,2.5732776132159074e-08
46.25,197.5,2.8054149558975894e-08
46.5,197.5,3.066381304428489e-08
46.75,197.5,3.350269572877096e-08
47.0,197.5,3.660483227641009e-08
47.25,197.5,4.0110337606868995e-08
47.5,197.5,4.413207466136271e-08
47.75,197.5,4.861944180589717e-08
48.0,197.5,5.33841160166304e-08
48.25,197.5,5.829604377005637e-08
48.5,197.5,6.342805991543798e-08
48.75,197.5,6.890512138646443e-08
49.0,197.5,7.456446171616449e-08
49.25,197.5,7.981388416844482e-08
49.5,197.5,8.394246708842701e-08
49.75,197.5,8.66728362414193e-08
50.0,197.5,8.83411719332372e-08
50.25,197.5,8.94402968354413e-08
50.5,197.5,9.00381498247782e-08
50.75,197.5,8.969411002812677e-08
51.0,197.5,8.794136630019267e-08
51.25,197.5,8.481886060174304e-08
51.5,197.5,8.087924707744776e-08
51.75,197.5,7.673224922122301e-08
52.0,197.5,7.266610035916443e-08
52.25,197.5,6.865898993790864e-08
52.5,197.5,6.464371915537725e-08
52.75,197.5,6.069831126609415e-08
53.0,197.5,5.6995907771195675e-08
53.25,197.5,5.3643307129647155e-08
53.5,197.5,5.0611711488457445e-08
53.75,197.5,4.780855722419375e-08
54.0,197.5,4.518773177863977e-08
54.25,197.5,4.2778114606178974e-08
54.5,197.5,4.0621320529510285e-08
54.75,197.5,3.8707832938911224e-08
55.0,197.5,3.6979384776536506e-08
55.25,197.5,3.5382556551333266e-08
55.5,197.5,3.390853942075722e-08
55.75,197.5,3.257872882578283e-08
56.0,197.5,3.140168880477745e-08
56.25,197.5,3.03526374034746e-08
56.5,197.5,2.939300092208441e-08
56.75,197.5,2.8503229998477764e-08
57.0,197.5,2.769138363056811e-08
57.25,197.5,2.697137979623676e-08
57.5,197.5,2.6339095793304068e-08
57.75,197.5,2.5772110001653914e-08
58.0,197.5,2.5250101565177374e-08
58.25,197.5,2.4771284135027827e-08
58.5,197.5,2.4347076577058147e-08
58.75,197.5,2.398346832244158e-08
59.0,197.5,2.367104334766168e-08
59.25,197.5,2.3393339043664696e-08
59.5,197.5,2.3142536220710497e-08
59.75,197.5,2.292442768947467e-08
60.0,197.5,2.274812493929801e-08
45.0,200.0,1.9649768367990816e-08
45.25,200.0,2.11272452865785e-08
45.5,200.0,2.2741050598185097e-08
45.75,200.0,2.4590164127147318e-08
46.0,200.0,2.676213295416119e-08
46.25,200.0,2.9254016098434477e-08
46.5,200.0,3.1994858096240364e-08
46.75,200.0,3.496364353594572e-08
47.0,200.0,3.8270255520167495e-08
47.25,200.0,4.2071686801037345e-08
47.5,200.0,4.639978579135118e-08
47.75,200.0,5.109879241960158e-08
48.0,200.0,5.5973615076254646e-08
48.25,200.0,6.101335636721217e-08
48.5,200.0,6.637906557749318e-08
48.75,200.0,7.207847985135629e-08
49.0,200.0,7.766918874718698e-08
49.25,200.0,8.238185333908632e-08
49.5,200.0,8.567651021973433e-08
49.75,200.0,8.76825625439892e-08
50.0,200.0,8.895528036401146e-08
50.25,200.0,8.980061938501649e-08
50.5,200.0,8.992233835325436e-08
50.75,200.0,8.874282209081485e-08
51.0,200.0,8.605009726991852e-08
51.25,200.0,8.226463998894928e-08
51.5,200.0,7.807500113088395e-08
51.75,200.0,7.392896994584675e-08
52.0,200.0,6.988645706584862e-08
52.25,200.0,6.584710998680521e-08
52.5,200.0,6.182528056175585e-08
52.75,200.0,5.798759783459673e-08
53.0,200.0,5.4489917911126895e-08
53.25,200.0,5.1348524765515435e-08
53.5,200.0,4.847112911043894e-08
53.75,200.0,4.578031687074713e-08
54.0,200.0,4.328447833490401e-08
54.25,200.0,4.1035285169854774e-08
54.5,200.0,3.904599710224943e-08
54.75,200.0,3.726688424521285e-08
55.0,200.0,3.5631942396641136e-08
55.25,200.0,3.411547988552144e-08
55.5,200.0,3.273611937082421e-08
55.75,200.0,3.15132941963725e-08
56.0,200.0,3.043203711250442e-08
56.25,200.0,2.9451673322355987e-08
56.5,200.0,2.8542228358574562e-08
56.75,200.0,2.770524631934279e-08
57.0,200.0,2.6958079102357146e-08
57.25,200.0,2.6304288636147533e-08
57.5,200.0,2.572415969126496e-08
57.75,200.0,2.519254505006785e-08
58.0,200.0,2.4701351852840503e-08
58.25,200.0,2.426116918474719e-08
58.5,200.0,2.3882590571844275e-08
58.75,200.0,2.356033323991369e-08
59.0,200.0,2.3276997440646596e-08
59.25,200.0,2.3020224504399778e-08
59.5,200.0,2.279300748142532e-08
59.75,200.0,2.2606196470320583e-08
60.0,200.0,2.246337138522847e-08
45.0,202.5,2.1267930749857555e-08
45.25,202.5,2.288566647301593e-08
45.5,202.5,2.4697351941327383e-08
45.75,202.5,2.6851429746344024e-08
46.0,202.5,2.9401191592448583e-08
46.25,202.5,3.2260847881993016e-08
46.5,202.5,3.533005621392249e-08
46.75,202.5,3.867686926284364e-08
47.0,202.5,4.253122942721177e-08
47.25,202.5,4.705002298877048e-08
47.5,202.5,5.211891473955177e-08
47.75,202.5,5.743524866819172e-08
48.0,202.5,6.285313913778623e-08
48.25,202.5,6.858443590829211e-08
48.5,202.5,7.487905473446688e-08
48.75,202.5,8.146937857667069e-08
49.0,202.5,8.742484847168441e-08
49.25,202.5,9.175353288259913e-08
49.5,202.5,9.428284364343398e-08
49.75,202.5,9.574421888647322e-08
50.0,202.5,9.68672739798393e-08
50.25,202.5,9.754722274379901e-08
50.5,202.5,9.695406444354404e-08
50.75,202.5,9.444702619987311e-08
51.0,202.5,9.030520420338917e-08
51.25,202.5,8.546309193668833e-08
51.5,202.5,8.069318502279543e-08
51.75,202.5,7.617419917060886e-08
52.0,202.5,7.170761440189466e-08
52.25,202.5,6.71867537160864e-08
52.5,202.5,6.278946229620885e-08
52.75,202.5,5.877672926146715e-08
53.0,202.5,5.5234938400872124e-08
53.25,202.5,5.204660791235938e-08
53.5,202.5,4.906252548675383e-08
53.75,202.5,4.6258773145346765e-08
54.0,202.5,4.371702622130158e-08
54.25,202.5,4.149258636676478e-08
54.5,202.5,3.953906002607255e-08
54.75,202.5,3.775518986337545e-08
55.0,202.5,3.608320331416337e-08
55.25,202.5,3.454464825303205e-08
55.5,202.5,3.3184478498426984e-08
55.75,202.5,3.20018613830797e-08
56.0,202.5,3.0943428375174165e-08
56.25,202.5,2.995556858120807e-08
56.5,202.5,2.9031518300470793e-08
56.75,202.5,2.8201262547433714e-08
57.0,202.5,2.7483639253311765e-08
57.25,202.5,2.6858786861261308e-08
57.5,202.5,2.628714812491495e-08
57.75,202.5,2.5748914334045025e-08
58.0,202.5,2.5257898439434712e-08
58.25,202.5,2.483679628628721e-08
58.5,202.5,2.4486309646576387e-08
58.75,202.5,2.4182505775627305e-08
59.0,202.5,2.3902083867710644e-08
59.25,202.5,2.3645153168772026e-08
59.5,202.5,2.342989502412962e-08
59.75,202.5,2.3267883841882053e-08
60.0,202.5,2.3149593353366527e-08
45.0,205.0,2.3505437152238073e-08
45.25,205.0,2.5307629547555166e-08
45.5,205.0,2.7449660544576204e-08
45.75,205.0,3.0096687253511334e-08
46.0,205.0,3.318281782682675e-08
46.25,205.0,3.649325519550217e-08
46.5,205.0,3.9976545407327535e-08
46.75,205.0,4.3924358039681977e-08
47.0,205.0,4.87015880956676e-08
47.25,205.0,5.432694172302632e-08
47.5,205.0,6.038059963131559e-08
47.75,205.0,6.644196393068569e-08
48.0,205.0,7.267442492242537e-08
48.25,205.0,7.967649984230718e-08
48.5,205.0,8.757363356703962e-08
48.75,205.0,9.535901535073776e-08
49.0,205.0,1.0135143546641245e-07
49.25,205.0,1.0469849387462205e-07
49.5,205.0,1.0625333390912317e-07
49.75,205.0,1.0749316348146465e-07
50.0,205.0,1.088203169796742e-07
50.25,205.0,1.091296173427736e-07
50.5,205.0,1.0700228769700004e-07
50.75,205.0,1.023077786932447e-07
51.0,205.0,9.633776609785372e-08
51.25,205.0,9.04834897008655e-08
51.5,205.0,8.520504546360996e-08
51.75,205.0,8.014371499776018e-08
52.0,205.0,7.492004661102669e-08
52.25,205.0,6.967705212801434e-08
52.5,205.0,6.486278825157399e-08
52.75,205.0,6.071944702590315e-08
53.0,205.0,5.710579242812486e-08
53.25,205.0,5.373341682712862e-08
53.5,205.0,5.0494813552681705e-08
53.75,205.0,4.751772264555143e-08
54.0,205.0,4.494616634431736e-08
54.25,205.0,4.275589193802887e-08
54.5,205.0,4.078480309033239e-08
54.75,205.0,3.89058267824538e-08
55.0,205.0,3.713710294839245e-08
55.25,205.0,3.557371441864632e-08
55.5,205.0,3.4250553282433316e-08
55.75,205.0,3.309672447215917e-08
56.0,205.0,3.2011490347372273e-08
56.25,205.0,3.09657651742512e-08
56.5,205.0,3.0011896079429334e-08
56.75,205.0,2.920228092673227e-08
57.0,205.0,2.8522131323427402e-08
57.25,205.0,2.7905087573998344e-08
57.5,205.0,2.730488635194206e-08
57.75,205.0,2.673855137302894e-08
58.0,205.0,2.6253599738623734e-08
58.25,205.0,2.586611325128274e-08
58.5,205.0,2.554155598133434e-08
58.75,205.0,2.523362241380056e-08
59.0,205.0,2.4933880959920884e-08
59.25,205.0,2.4674499221610802e-08
59.5,205.0,2.4484999250340422e-08
59.75,205.0,2.4357070360636612e-08
60.0,205.0,2.4254735775386393e-08
45.0,207.5,2.598991410973639e-08
45.25,207.5,2.8056495238182322e-08
45.5,207.5,3.0723547039812615e-08
45.75,207.5,3.403462012219194e-08
46.0,207.5,3.7677112540990265e-08
46.25,207.5,4.136213127559074e-08
46.5,207.5,4.533301811715518e-08
46.75,207.5,5.021951443584527e-08
47.0,207.5,5.633869948340475e-08
47.25,207.5,6.326372259390922e-08
47.5,207.5,7.016901970580136e-08
47.75,207.5,7.689507619534908e-08
48.0,207.5,8.436677134682213e-08
48.25,207.5,9.341623519176778e-08
48.5,207.5,1.033240424330728e-07
48.75,207.5,1.1169136260313905e-07
49.0,207.5,1.1640398445145195e-07
49.25,207.5,1.179973597720263e-07
49.5,207.5,1.1896128138122464e-07
49.75,207.5,1.2078684119565253e-07
50.0,207.5,1.2238479230042287e-07
50.25,207.5,1.212266702577125e-07
50.5,207.5,1.1618003614710659e-07
50.75,207.5,1.0878329481656124e-07
51.0,207.5,1.0141412043473963e-07
51.25,207.5,9.515331789167192e-08
51.5,207.5,8.951049568217684e-08
51.75,207.5,8.360788339434322e-08
52.0,207.5,7.738798846190775e-08
52.25,207.5,7.155204106989999e-08
52.5,207.5,6.664920448873346e-08
52.75,207.5,6.257648665908278e-08
53.0,207.5,5.8836223892910766e-08
53.25,207.5,5.5133061893641866e-08
53.5,207.5,5.162818084158971e-08
53.75,207.5,4.862167168884213e-08
54.0,207.5,4.6166035327921406e-08
54.25,207.5,4.402632547417795e-08
54.5,207.5,4.194793756795434e-08
54.75,207.5,3.991418906501565e-08
55.0,207.5,3.809634918638949e-08
55.25,207.5,3.660658376425374e-08
55.5,207.5,3.5366894968191787e-08
55.75,207.5,3.4200770882009124e-08
56.0,207.5,3.3025195356195525e-08
56.25,207.5,3.191792585788278e-08
56.5,207.5,3.0992789556982814e-08
56.75,207.5,3.0258113792314134e-08
57.0,207.5,2.9610690455150745e-08
57.25,207.5,2.895281703274577e-08
57.5,207.5,2.8295633391905994e-08
57.75,207.5,2.772688434404813e-08
58.0,207.5,2.7296821802913485e-08
58.25,207.5,2.6961642474176983e-08
58.5,207.5,2.6635563643573335e-08
58.75,207.5,2.62875696765974e-08
59.0,207.5,2.5968771022455428e-08
59.25,207.5,2.5742470266543194e-08
59.5,207.5,2.5609366627321606e-08
59.75,207.5,2.5509451995198162e-08
60.0,207.5,2.539177668126058e-08
45.0,210.0,2.8716569233644407e-08
45.25,210.0,3.1282445300817585e-08
45.5,210.0,3.475390941698464e-08
45.75,210.0,3.8817347336461694e-08
46.0,210.0,4.285237364953787e-08
46.25,210.0,4.683180176989765e-08
46.5,210.0,5.162916405510032e-08
46.75,210.0,5.806004210739957e-08
47.0,210.0,6.592665657834118e-08
47.25,210.0,7.398729739982457e-08
47.5,210.0,8.135125528774267e-08
47.75,210.0,8.901577885911394e-08
48.0,210.0,9.881837048641984e-08
48.25,210.0,1.1090018514625655e-07
48.5,210.0,1.2245008362832266e-07
48.75,210.0,1.294832593368156e-07
49.0,210.0,1.3127888265351828e-07
49.25,210.0,1.3139776022796923e-07
49.5,210.0,1.33239175581501e-07
49.75,210.0,1.3639349893956876e-07
50.0,210.0,1.3706613355424224e-07
50.25,210.0,1.321973130963272e-07
50.5,210.0,1.231074999719084e-07
50.75,210.0,1.1360658558334791e-07
51.0,210.0,1.0597377975152256e-07
51.25,210.0,9.976459991456466e-08
51.5,210.0,9.332025618924433e-08
51.75,210.0,8.604166257253354e-08
52.0,210.0,7.890627795603677e-08
52.25,210.0,7.300427073975158e-08
52.5,210.0,6.841450650441061e-08
52.75,210.0,6.437041566442758e-08
53.0,210.0,6.021445586590346e-08
53.25,210.0,5.607838282628563e-08
53.5,210.0,5.250912094023619e-08
53.75,210.0,4.9736446072756735e-08
54.0,210.0,4.7462294539002414e-08
54.25,210.0,4.5221739908285485e-08
54.5,210.0,4.289345145735979e-08
54.75,210.0,4.074994430780521e-08
55.0,210.0,3.904826295642039e-08
55.25,210.0,3.773445189647617e-08
55.5,210.0,3.652292002165325e-08
55.75,210.0,3.5220022676085705e-08
56.0,210.0,3.392085434761327e-08
56.25,210.0,3.2841653396786796e-08
56.5,210.0,3.2049127796085486e-08
56.75,210.0,3.1397085820117354e-08
57.0,210.0,3.069727849691617e-08
57.25,210.0,2.993200365342119e-08
57.5,210.0,2.9248618416133354e-08
57.75,210.0,2.8763593062919313e-08
58.0,210.0,2.8432593168759013e-08
58.25,210.0,2.8107687843892393e-08
58.5,210.0,2.77086190658693e-08
58.75,210.0,2.730812309614805e-08
59.0,210.0,2.702818313604638e-08
59.25,210.0,2.6894784843634056e-08
59.5,210.0,2.6814714448875066e-08
59.75,210.0,2.668536913663644e-08
60.0,210.0,2.6513456652388356e-08
45.0,212.5,3.1808550127188084e-08
45.25,212.5,3.528839409572271e-08
45.5,212.5,3.980021756611052e-08
45.75,212.5,4.4411899935425936e-08
46.0,212.5,4.850722834515153e-08
46.25,212.5,5.3013663792178534e-08
46.5,212.5,5.943741843150718e-08
46.75,212.5,6.81543795844064e-08
47.0,212.5,7.772863663824126e-08
47.25,212.5,8.612591340106945e-08
47.5,212.5,9.3791667099552e-08
47.75,212.5,1.0371397340946942e-07
48.0,212.5,1.176148051174053e-07
48.25,212.5,1.3302395296399538e-07
48.5,212.5,1.4380513291278874e-07
48.75,212.5,1.4644685819575898e-07
49.0,212.5,1.4507802204022369e-07
49.25,212.5,1.4601015874138312e-07
49.5,212.5,1.5063841973805836e-07
49.75,212.5,1.5420112819963805e-07
50.0,212.5,1.5056181124073476e-07
50.25,212.5,1.3969587486784008e-07
50.5,212.5,1.2724730646951343e-07
50.75,212.5,1.1759126883337245e-07
51.0,212.5,1.107626965701769e-07
51.25,212.5,1.0406758876868594e-07
51.5,212.5,9.577187987108715e-08
51.75,212.5,8.701657816523323e-08
52.0,212.5,7.976252858199473e-08
52.25,212.5,7.453641881483009e-08
52.5,212.5,7.029806214919887e-08
52.75,212.5,6.57767817990873e-08
53.0,212.5,6.091203141878054e-08
53.25,212.5,5.6602043274622815e-08
53.5,212.5,5.341758568810917e-08
53.75,212.5,5.105180911346707e-08
54.0,212.5,4.873125414306401e-08
54.25,212.5,4.609848758274637e-08
54.5,212.5,4.353621285702047e-08
54.75,212.5,4.1546844298245844e-08
55.0,212.5,4.0165025638749796e-08
55.25,212.5,3.896822065030392e-08
55.5,212.5,3.756199107307623e-08
55.75,212.5,3.6025569638553634e-08
56.0,212.5,3.473244847285173e-08
56.25,212.5,3.3867965321121574e-08
56.5,212.5,3.324868047549501e-08
56.75,212.5,3.254152014520173e-08
57.0,212.5,3.1652775955848256e-08
57.25,212.5,3.080976074265607e-08
57.5,212.5,3.0245304261100614e-08
57.75,212.5,2.9936616074976996e-08
58.0,212.5,2.964669554295085e-08
58.25,212.5,2.9200448392607825e-08
58.5,212.5,2.8687777930969105e-08
58.75,212.5,2.83258270172837e-08
59.0,212.5,2.8195215828752396e-08
59.25,212.5,2.8162236098694393e-08
59.5,212.5,2.8036332144765197e-08
59.75,212.5,2.7796759338727384e-08
60.0,212.5,2.760423034597892e-08
45.0,215.0,3.5627079952860186e-08
45.25,215.0,4.048373414278217e-08
45.5,215.0,4.5912016521931776e-08
45.75,215.0,5.0418313968236816e-08
46.0,215.0,5.451309537107818e-08
46.25,215.0,6.050008827251929e-08
46.5,215.0,6.973170518786986e-08
46.75,215.0,8.106477267233458e-08
47.0,215.0,9.118584110012762e-08
47.25,215.0,9.893823815776415e-08
47.5,215.0,1.0821230111979219e-07
47.75,215.0,1.2307549046575161e-07
48.0,215.0,1.4253925195717443e-07
48.25,215.0,1.5883305737318665e-07
48.5,215.0,1.637800643994325e-07
48.75,215.0,1.60453068498434e-07
49.0,215.0,1.5908220230009817e-07
49.25,215.0,1.6448002293500963e-07
49.5,215.0,1.7192677181920857e-07
49.75,215.0,1.7125744544710386e-07
50.0,215.0,1.589853921846185e-07
50.25,215.0,1.4262310621404595e-07
50.5,215.0,1.2993919318304847e-07
50.75,215.0,1.222420773494548e-07
51.0,215.0,1.1574149461068828e-07
51.25,215.0,1.0670294303682937e-07
51.5,215.0,9.601241568457652e-08
51.75,215.0,8.69169256567659e-08
52.0,215.0,8.082061042635758e-08
52.25,215.0,7.652060352025813e-08
52.5,215.0,7.183766670415537e-08
52.75,215.0,6.618721370976743e-08
53.0,215.0,6.090531545765998e-08
53.25,215.0,5.714720674454554e-08
53.5,215.0,5.472133635109344e-08
53.75,215.0,5.246049616935977e-08
54.0,215.0,4.955644472559584e-08
54.25,215.0,4.646439610844766e-08
54.5,215.0,4.406963705072542e-08
54.75,215.0,4.26060311475851e-08
55.0,215.0,4.1509875203793456e-08
55.25,215.0,4.006074094675682e-08
55.5,215.0,3.824141459052299e-08
55.75,215.0,3.664787384671797e-08
56.0,215.0,3.5676899212688795e-08
56.25,215.0,3.513623436646185e-08
56.5,215.0,3.448369523262329e-08
56.75,215.0,3.3465068605131876e-08
57.0,215.0,3.24013857966321e-08
57.25,215.0,3.1714507020552674e-08
57.5,215.0,3.1445402948193646e-08
57.75,215.0,3.1242843645529206e-08
58.0,215.0,3.076648336097776e-08
58.25,215.0,3.010319959972918e-08
58.5,215.0,2.9615029761842493e-08
58.75,215.0,2.9484513608402096e-08
59.0,215.0,2.953699662633369e-08
59.25,215.0,2.9443648186244786e-08
59.5,215.0,2.911797292171059e-08
59.75,215.0,2.8808932350798955e-08
60.0,215.0,2.8766587112372122e-08
45.0,217.5,4.094274641541773e-08
45.25,217.5,4.7378665657404895e-08
45.5,217.5,5.2833049157818834e-08
45.75,217.5,5.658632873384306e-08
46.0,217.5,6.167108490551243e-08
46.25,217.5,7.089975628815637e-08
46.5,217.5,8.406119178516747e-08
46.75,217.5,9.692097535651811e-08
47.0,217.5,1.0536648598069576e-07
47.25,217.5,1.1326803206479497e-07
47.5,217.5,1.278984975705555e-07
47.75,217.5,1.511099376738656e-07
48.0,217.5,1.749257856342723e-07
48.25,217.5,1.848112929359047e-07
48.5,217.5,1.7941817564981477e-07
48.75,217.5,1.7380469852223968e-07
49.0,217.5,1.785327407022308e-07
49.25,217.5,1.906132923723547e-07
49.5,217.5,1.954907999923705e-07
49.75,217.5,1.8280849856111558e-07
50.0,217.5,1.6119803580849634e-07
50.25,217.5,1.4385889635093463e-07
50.5,217.5,1.3465685577696007e-07
50.75,217.5,1.2890112033314693e-07
51.0,217.5,1.1968544000318104e-07
51.25,217.5,1.0667634364747158e-07
51.5,217.5,9.497775887989945e-08
51.75,217.5,8.756601033166334e-08
52.0,217.5,8.3319902755008e-08
52.25,217.5,7.882058095098898e-08
52.5,217.5,7.235541177319504e-08
52.75,217.5,6.57512950752448e-08
53.0,217.5,6.113690242948167e-08
53.25,217.5,5.86470265684369e-08
53.5,217.5,5.665611790828251e-08
53.75,217.5,5.356495380581805e-08
54.0,217.5,4.978134804378698e-08
54.25,217.5,4.678557063986233e-08
54.5,217.5,4.5189526343136777e-08
54.75,217.5,4.431243150193609e-08
55.0,217.5,4.2930751842362724e-08
55.25,217.5,4.076842952116522e-08
55.5,217.5,3.873472276261225e-08
55.75,217.5,3.75876791913754e-08
56.0,217.5,3.718295693566631e-08
56.25,217.5,3.668807690981879e-08
56.5,217.5,3.553973026981794e-08
56.75,217.5,3.4158786577087596e-08
57.0,217.5,3.3273804378453065e-08
57.25,217.5,3.306083617982125e-08
57.5,217.5,3.3028485724173606e-08
57.75,217.5,3.25572038217814e-08
58.0,217.5,3.168403484021809e-08
58.25,217.5,3.099557122077101e-08
58.5,217.5,3.0854188204365585e-08
58.75,217.5,3.10511107937117e-08
59.0,217.5,3.104260359876321e-08
59.25,217.5,3.060436803981048e-08
59.5,217.5,3.011220528481573e-08
59.75,217.5,3.000830661736842e-08
60.0,217.5,3.030882189669626e-08
45.0,220.0,5.563558513888012e-08
45.25,220.0,6.499303151219493e-08
45.5,220.0,6.790275586254779e-08
45.75,220.0,7.036150750927561e-08
46.0,220.0,8.025474296236013e-08
46.25,220.0,9.983486859432844e-08
46.5,220.0,1.2292564888216617e-07
46.75,220.0,1.3422636524484943e-07
47.0,220.0,1.3689463651544997e-07
47.25,220.0,1.5085002447179363e-07
47.5,220.0,1.8605494900292285e-07
47.75,220.0,2.35141532911598e-07
48.0,220.0,2.6154799004363127e-07
48.25,220.0,2.44061547194363e-07
48.5,220.0,2.2096075702471296e-07
48.75,220.0,2.2339443583874186e-07
49.0,220.0,2.520992263832511e-07
49.25,220.0,2.7750376085933226e-07
49.5,220.0,2.5978312556684813e-07
49.75,220.0,2.1528085203392777e-07
50.0,220.0,1.8177176019928964e-07
50.25,220.0,1.695602882545444e-07
50.5,220.0,1.691662732117294e-07
50.75,220.0,1.6028731941730712e-07
51.0,220.0,1.378187384215579e-07
51.25,220.0,1.1688784051777645e-07
51.5,220.0,1.0607456568667573e-07
51.75,220.0,1.036346368721297e-07
52.0,220.0,1.0094682378891662e-07
52.25,220.0,9.125073474613998e-08
52.5,220.0,7.959521008960024e-08
52.75,220.0,7.239746402376568e-08
53.0,220.0,7.052266370877192e-08
53.25,220.0,7.033824123148236e-08
53.5,220.0,6.660845763839518e-08
53.75,220.0,5.992182217084974e-08
54.0,220.0,5.4818469319428687e-08
54.25,220.0,5.318535278853176e-08
54.5,220.0,5.368431565955234e-08
54.75,220.0,5.277247461243917e-08
55.0,220.0,4.9037318428091226e-08
55.25,220.0,4.524286589813187e-08
55.5,220.0,4.365774675108014e-08
55.75,220.0,4.415093413090432e-08
56.0,220.0,4.453931445880244e-08
56.25,220.0,4.274614018306977e-08
56.5,220.0,3.994365660453525e-08
56.75,220.0,3.836998541117964e-08
57.0,220.0,3.8630470378109294e-08
57.25,220.0,3.954003968686948e-08
57.5,220.0,3.907904932987094e-08
57.75,220.0,3.716339536108393e-08
58.0,220.0,3.564813400025457e-08
58.25,220.0,3.562376948984536e-08
58.5,220.0,3.663841274814672e-08
58.75,220.0,3.706394635649701e-08
59.0,220.0,3.600071152298767e-08
59.25,220.0,3.46515196536501e-08
59.5,220.0,3.437561102437314e-08
59.75,220.0,3.528393444085509e-08
60.0,220.0,3.6244185985800925e-08
45.0,222.5,8.709789267591361e-08
45.25,222.5,8.957283159638507e-08
45.5,222.5,8.289146391504687e-08
45.75,222.5,9.024466052220959e-08
46.0,222.5,1.1835892077538546e-07
46.25,222.5,1.6590045437414602e-07
46.5,222.5,1.904163713373208e-07
46.75,222.5,1.7444305155933648e-07
47.0,222.5,1.7738417645851712e-07
47.25,222.5,2.2578632463687853e-07
47.5,222.5,3.2682837602937553e-07
47.75,222.5,4.1222642410687627e-07
48.0,222.5,3.635492017428632e-07
48.25,222.5,2.8834291632140463e-07
48.5,222.5,2.767651960944306e-07
48.75,222.5,3.3674379396053666e-07
49.0,222.5,4.2762402618912176e-07
49.25,222.5,4.091707768161257e-07
49.5,222.5,3.02392599293988e-07
49.75,222.5,2.3105269697509812e-07
50.0,222.5,2.1355617740859145e-07
50.25,222.5,2.3322231557099116e-07
50.5,222.5,2.357444038869616e-07
50.75,222.5,1.8922669342558152e-07
51.0,222.5,1.4609271403731583e-07
51.25,222.5,1.2855707254288973e-07
51.5,222.5,1.329315523213026e-07
51.75,222.5,1.4041366525052723e-07
52.0,222.5,1.2368287649611176e-07
52.25,222.5,9.894456187709011e-08
52.5,222.5,8.605598256217206e-08
52.75,222.5,8.649564631202367e-08
53.0,222.5,9.355834307278599e-08
53.25,222.5,8.981708676802924e-08
53.5,222.5,7.506060550888094e-08
53.75,222.5,6.483016867786517e-08
54.0,222.5,6.343053615687211e-08
54.25,222.5,6.863270485268913e-08
54.5,222.5,7.052875661273106e-08
54.75,222.5,6.226038284928848e-08
55.0,222.5,5.375659184458925e-08
55.25,222.5,5.123449753341447e-08
55.5,222.5,5.454627283185687e-08
55.75,222.5,5.8505640998518516e-08
56.0,222.5,5.49686974826713e-08
56.25,222.5,4.799884167905333e-08
56.5,222.5,4.471696302132955e-08
56.75,222.5,4.643580786556356e-08
57.0,222.5,5.068109210082383e-08
57.25,222.5,5.057841112598993e-08
57.5,222.5,4.533190967048739e-08
57.75,222.5,4.156647737119101e-08
58.0,222.5,4.197926695148624e-08
58.25,222.5,4.56813045168758e-08
58.5,222.5,4.781704088241412e-08
58.75,222.5,4.45846952690232e-08
59.0,222.5,4.066666481339354e-08
59.25,222.5,4.00104658293543e-08
59.5,222.5,4.284464383275122e-08
59.75,222.5,4.615880666580807e-08
60.0,222.5,4.507699946643129e-08
45.0,225.0,1.4287332894546978e-07
45.25,225.0,1.03576084820034e-07
45.5,225.0,1.0034375241829707e-07
45.75,225.0,1.364144065485462e-07
46.0,225.0,2.3622837397319074e-07
46.25,225.0,3.305137921127965e-07
46.5,225.0,2.452025639199107e-07
46.75,225.0,2.0803810718561522e-07
47.0,225.0,2.6422684362703563e-07
47.25,225.0,4.569254470343509e-07
47.5,225.0,7.688101346658982e-07
47.75,225.0,6.2794361299634e-07
48.0,225.0,3.878402861090535e-07
48.25,225.0,3.344044159359072e-07
48.5,225.0,4.42747131623733e-07
48.75,225.0,7.385280473837241e-07
49.0,225.0,7.685221231623629e-07
49.25,225.0,4.5094069855977637e-07
49.5,225.0,2.916515876583148e-07
49.75,225.0,2.639066440934812e-07
50.0,225.0,3.4258403402986914e-07
50.25,225.0,4.1530647187926206e-07
50.5,225.0,2.847475509826225e-07
50.75,225.0,1.8402209422951898e-07
51.0,225.0,1.5350726234597545e-07
51.25,225.0,1.7614633018858683e-07
51.5,225.0,2.2947071354195714e-07
51.75,225.0,1.9047248567272135e-07
52.0,225.0,1.2627242318430376e-07
52.25,225.0,1.0133919592369978e-07
52.5,225.0,1.0766781188831231e-07
52.75,225.0,1.4126981617845757e-07
53.0,225.0,1.4198597209080788e-07
53.25,225.0,9.896237351814108e-08
53.5,225.0,7.650915812007497e-08
53.75,225.0,7.601537910240097e-08
54.0,225.0,9.597936989624856e-08
54.25,225.0,1.1206005812169906e-07
54.5,225.0,8.58990890639788e-08
54.75,225.0,6.441682731672671e-08
55.0,225.0,6.012490794127245e-08
55.25,225.0,7.144461622310416e-08
55.5,225.0,9.051989957598039e-08
55.75,225.0,7.959106718136155e-08
56.0,225.0,5.9102078786565926e-08
56.25,225.0,5.20653598012899e-08
56.5,225.0,5.783173540052644e-08
56.75,225.0,7.44877909353292e-08
57.0,225.0,7.599731421947808e-08
57.25,225.0,5.7966601740844226e-08
57.5,225.0,4.856568636135705e-08
57.75,225.0,5.046207851577833e-08
58.0,225.0,6.317709488889989e-08
58.25,225.0,7.271325141999796e-08
58.5,225.0,5.961795201958608e-08
58.75,225.0,4.818784504756479e-08
59.0,225.0,4.704952516476624e-08
59.25,225.0,5.595048502282651e-08
59.5,225.0,6.891679049658705e-08
59.75,225.0,6.299221655403642e-08
60.0,225.0,5.029817728985364e-08
45.0,227.5,1.4043538465458028e-07
45.25,227.5,1.0983393461394542e-07
45.5,227.5,1.484532506923486e-07
45.75,227.5,3.2784806691665835e-07
46.0,227.5,8.586184727654711e-07
46.25,227.5,3.9927661710237317e-07
46.5,227.5,2.4205647419783816e-07
46.75,227.5,2.9215585739539307e-07
47.0,227.5,5.985289875942712e-07
47.25,227.5,1.8517170474741107e-06
47.5,227.5,1.3686589388495207e-06
47.75,227.5,5.27039289988096e-07
48.0,227.5,3.868832507691877e-07
48.25,227.5,5.465423879025266e-07
48.5,227.5,1.4349071213448639e-06
48.75,227.5,2.0199231614004276e-06
49.0,227.5,6.967413355152274e-07
49.25,227.5,3.5590753133529773e-07
49.5,227.5,3.1084666840541786e-07
49.75,227.5,5.255587032237941e-07
50.0,227.5,1.084350085944763e-06
50.25,227.5,4.738205225951475e-07
50.5,227.5,2.2700472268599725e-07
50.75,227.5,1.7644301364416748e-07
51.0,227.5,2.351376687803608e-07
51.25,227.5,5.23751930270322e-07
51.5,227.5,3.5783748653095415e-07
51.75,227.5,1.6067696317900726e-07
52.0,227.5,1.1555729351186983e-07
52.25,227.5,1.3287940947570576e-07
52.5,227.5,2.666023615205404e-07
52.75,227.5,3.0806231321456323e-07
53.0,227.5,1.3408254595503877e-07
53.25,227.5,8.779674554038053e-08
53.5,227.5,8.964016628976168e-08
53.75,227.5,1.5280474352508122e-07
54.0,227.5,2.6446874357155536e-07
54.25,227.5,1.2855250752785707e-07
54.5,227.5,7.545899527450217e-08
54.75,227.5,6.91224880666752e-08
55.0,227.5,1.0028809049877907e-07
55.25,227.5,2.044255063005096e-07
55.5,227.5,1.3651625530020084e-07
55.75,227.5,7.192936579691889e-08
56.0,227.5,5.9193021262338164e-08
56.25,227.5,7.444699912095842e-08
56.5,227.5,1.4639145318184887e-07
56.75,227.5,1.5165204125811016e-07
57.0,227.5,7.504563481752768e-08
57.25,227.5,5.528255420106376e-08
57.5,227.5,6.132845942197207e-08
57.75,227.5,1.0623661539366225e-07
58.0,227.5,1.613979493386708e-07
58.25,227.5,8.464281942011098e-08
58.5,227.5,5.56497906645248e-08
58.75,227.5,5.5125055742344387e-08
59.0,227.5,8.25454520292368e-08
59.25,227.5,1.5267395370166525e-07
59.5,227.5,1.0130586769463434e-07
59.75,227.5,5.989882434498384e-08
60.0,227.5,5.332539865232633e-08
45.0,230.0,1.1702349667075396e-07
45.25,230.0,1.5062293345913247e-07
45.5,230.0,3.748767263278552e-07
45.75,230.0,5.609551765317633e-06
46.0,230.0,7.019615502201759e-07
46.25,230.0,2.7175091377174e-07
46.5,230.0,3.024637811321895e-07
46.75,230.0,6.671722176943007e-07
47.0,230.0,5.051439909364852e-06
47.25,230.0,3.7340603239455206e-06
47.5,230.0,6.689853877528407e-07
47.75,230.0,4.205954298175385e-07
48.0,230.0,6.016693877564094e-07
48.25,230.0,2.500405460015287e-06
48.5,230.0,1.1209902617603795e-05
48.75,230.0,9.826032500992454e-07
49.0,230.0,4.0325884020919744e-07
49.25,230.0,3.3923374220812264e-07
49.5,230.0,7.227417364585875e-07
49.75,230.0,1.0441335408284402e-05
50.0,230.0,7.486376003562611e-07
50.25,230.0,2.590705803218185e-07
50.5,230.0,1.907003330803292e-07
50.75,230.0,2.887503833814975e-07
51.0,230.0,2.3150342337574514e-06
51.25,230.0,7.261381318457438e-07
51.5,230.0,1.8749955510433125e-07
51.75,230.0,1.2433967389036127e-07
52.0,230.0,1.5396143426826825e-07
52.25,230.0,6.190629981972506e-07
52.5,230.0,1.050884148812159e-06
52.75,230.0,1.646119451859107e-07
53.0,230.0,9.458884253632505e-08
53.25,230.0,1.0041520603909504e-07
53.5,230.0,2.5537536307851383e-07
53.75,230.0,2.0329607612890044e-06
54.0,230.0,1.7454243184111817e-07
54.25,230.0,8.193017708713057e-08
54.5,230.0,7.578967720078822e-08
54.75,230.0,1.4075344045849647e-07
55.0,230.0,1.4714307682295313e-06
55.25,230.0,2.2628209606079253e-07
55.5,230.0,7.951149505469601e-08
55.75,230.0,6.399100827003679e-08
56.0,230.0,9.442064408116124e-08
56.25,230.0,5.052004200534199e-07
56.5,230.0,3.7372954286851723e-07
56.75,230.0,8.605795398519689e-08
57.0,230.0,5.925129187289713e-08
57.25,230.0,7.29698133028478e-08
57.5,230.0,2.297561939590409e-07
57.75,230.0,8.104025770450107e-07
58.0,230.0,1.0448309062383032e-07
58.25,230.0,5.9479568825793194e-08
58.5,230.0,6.282602726948028e-08
58.75,230.0,1.3702793333347785e-07
59.0,230.0,1.3573883849149482e-06
59.25,230.0,1.4508457601980496e-07
59.5,230.0,6.437981547868787e-08
59.75,230.0,5.8961550419844855e-08
60.0,230.0,9.873619832845293e-08
45.0,232.5,1.4418014648853728e-07
45.25,232.5,3.301284465795362e-07
45.5,232.5,3.5320622646661803e-06
45.75,232.5,8.27430024719078e-07
46.0,232.5,2.81007357050278e-07
46.25,232.5,2.9493396724866727e-07
46.5,232.5,6.170801781779645e-07
46.75,232.5,3.954440983555685e-06
47.0,232.5,4.373033545723715e-06
47.25,232.5,7.089708837781927e-07
47.5,232.5,4.2495124219499303e-07
47.75,232.5,5.839639132254604e-07
48.0,232.5,2.2526462162275607e-06
48.25,232.5,1.1758530284788904e-05
48.5,232.5,1.0270939806433788e-06
48.75,232.5,4.114424176915321e-07
49.0,232.5,3.4005242655066326e-07
49.25,232.5,7.046787382503084e-07
49.5,232.5,8.681161694390482e-06
49.75,232.5,7.542728117648778e-07
50.0,232.5,2.6080977211240253e-07
50.25,232.5,1.9199879885967164e-07
50.5,232.5,2.919325091665925e-07
50.75,232.5,2.2541776849571704e-06
51.0,232.5,6.86745399991473e-07
51.25,232.5,1.851791096019184e-07
51.5,232.5,1.247817738025958e-07
51.75,232.5,1.5797855712484932e-07
52.0,232.5,6.672216907865902e-07
52.25,232.5,8.787957015421455e-07
52.5,232.5,1.5779271045346377e-07
52.75,232.5,9.40906655921836e-08
53.0,232.5,1.0337747413657894e-07
53.25,232.5,2.8368500482045533e-07
53.5,232.5,1.4672801691428816e-06
53.75,232.5,1.5927762642142795e-07
54.0,232.5,8.023377862098613e-08
54.25,232.5,7.770575627397136e-08
54.5,232.5,1.5689835142218556e-07
54.75,232.5,1.5578653831394007e-06
55.0,232.5,1.9006846319058468e-07
55.25,232.5,7.595231465984398e-08
55.5,232.5,6.495801874173424e-08
55.75,232.5,1.0436983521877607e-07
56.0,232.5,6.830130494517306e-07
56.25,232.5,2.725630072752949e-07
56.5,232.5,7.912663024800537e-08
56.75,232.5,5.9217790004950643e-08
57.0,232.5,7.94940780979303e-08
57.25,232.5,3.089564670766265e-07
57.5,232.5,4.806817130997842e-07
57.75,232.5,9.059922501108986e-08
58.0,232.5,5.8151507165149496e-08
58.25,232.5,6.720594347697784e-08
58.5,232.5,1.7659677475911906e-07
58.75,232.5,9.382420033121619e-07
59.0,232.5,1.1482282480379524e-07
59.25,232.5,6.104611949275807e-08
59.5,232.5,6.175461519930536e-08
59.75,232.5,1.2168016672031712e-07
60.0,232.5,1.014155501244396e-06
45.0,235.0,2.451042873108378e-07
45.25,235.0,6.419279092728658e-07
45.5,235.0,4.7586422458056887e-07
45.75,235.0,2.5652872226444856e-07
46.0,235.0,2.7205554575804314e-07
46.25,235.0,4.908291396654718e-07
46.5,235.0,1.3436886281414928e-06
46.75,235.0,1.4669146874979333e-06
47.0,235.0,5.845356706446481e-07
47.25,235.0,3.946617637140548e-07
47.5,235.0,5.045268979264605e-07
47.75,235.0,1.1606486933768423e-06
48.0,235.0,1.8436247921638227e-06
48.25,235.0,7.348681728691631e-07
48.5,235.0,3.7128553553866794e-07
48.75,235.0,3.1232442132544946e-07
49.0,235.0,4.874002502708308e-07
49.25,235.0,9.14280347874552e-07
49.5,235.0,4.5753691779726324e-07
49.75,235.0,2.2868678350995708e-07
50.0,235.0,1.7943804442310807e-07
50.25,235.0,2.3623389433513609e-07
50.5,235.0,4.638451552851919e-07
50.75,235.0,3.13034721588501e-07
51.0,235.0,1.5455664503782884e-07
51.25,235.0,1.1666656041242618e-07
51.5,235.0,1.3905908136102596e-07
51.75,235.0,2.6387817020356863e-07
52.0,235.0,2.474434640520329e-07
52.25,235.0,1.2111946434689713e-07
52.5,235.0,8.681364238594114e-08
52.75,235.0,9.524083333101174e-08
53.0,235.0,1.6660027180037673e-07
53.25,235.0,2.1084786638869701e-07
53.5,235.0,1.0689784069040087e-07
53.75,235.0,7.19952129024648e-08
54.0,235.0,7.316410499669246e-08
54.25,235.0,1.158387077371259e-07
54.5,235.0,1.8203204044109356e-07
54.75,235.0,1.0325844046477073e-07
55.0,235.0,6.509657834996574e-08
55.25,235.0,6.145359254805527e-08
55.5,235.0,8.792206451779805e-08
55.75,235.0,1.5417390020200372e-07
56.0,235.0,1.063891174046816e-07
56.25,235.0,6.323289314380531e-08
56.5,235.0,5.5519565833606066e-08
56.75,235.0,7.213994190902184e-08
57.0,235.0,1.2848211405902532e-07
57.25,235.0,1.1372941832732408e-07
57.5,235.0,6.521837037087863e-08
57.75,235.0,5.332699837268251e-08
58.0,235.0,6.340741665056271e-08
58.25,235.0,1.077924484116366e-07
58.5,235.0,1.2240007607466907e-07
58.75,235.0,7.074723007427508e-08
59.0,235.0,5.396673519175721e-08
59.25,235.0,5.917506595842781e-08
59.5,235.0,9.309494419795783e-08
59.75,235.0,1.2891322120900384e-07
60.0,235.0,8.001630047438368e-08
45.0,237.5,2.3776336377512308e-07
45.25,237.5,2.3342302035711526e-07
45.5,237.5,2.02759221856752e-07
45.75,237.5,2.2941722588321056e-07
46.0,237.5,3.3687791667347255e-07
46.25,237.5,5.150732531600255e-07
46.5,237.5,5.267800853303584e-07
46.75,237.5,3.821704550599492e-07
47.0,237.5,3.2232353364136657e-07
47.25,237.5,3.762602291956796e-07
47.5,237.5,5.302508658822092e-07
47.75,237.5,5.76656009165788e-07
48.0,237.5,4.0980241533539186e-07
48.25,237.5,2.8626446724189236e-07
48.5,237.5,2.524315829699475e-07
48.75,237.5,2.8675134711164674e-07
49.0,237.5,3.1133997002719127e-07
49.25,237.5,2.4109618323997495e-07
49.5,237.5,1.7450453571044022e-07
49.75,237.5,1.504433254639892e-07
50.0,237.5,1.617695801758856e-07
50.25,237.5,1.7956318631995316e-07
50.5,237.5,1.5146112808395173e-07
50.75,237.5,1.1441676783796595e-07
51.0,237.5,9.9114017548807e-08
51.25,237.5,1.0460357957597921e-07
51.5,237.5,1.1871588068146366e-07
51.75,237.5,1.0817825257802838e-07
52.0,237.5,8.475072521552107e-08
52.25,237.5,7.344161989664144e-08
52.5,237.5,7.619333164399222e-08
52.75,237.5,8.735538137294441e-08
53.0,237.5,8.512490479173351e-08
53.25,237.5,6.914551375913902e-08
53.5,237.5,5.978013406515714e-08
53.75,237.5,6.089155080157838e-08
54.0,237.5,6.9737017716065e-08
54.25,237.5,7.18217398887333e-08
54.5,237.5,6.067748259397376e-08
54.75,237.5,5.2339240941279286e-08
55.0,237.5,5.2296244001937e-08
55.25,237.5,5.933781221933998e-08
55.5,237.5,6.377528261047871e-08
55.75,237.5,5.628298938020748e-08
56.0,237.5,4.8599110180624905e-08
56.25,237.5,4.763954741804355e-08
56.5,237.5,5.322277329966596e-08
56.75,237.5,5.888996490455156e-08
57.0,237.5,5.4416528616485493e-08
57.25,237.5,4.730033587030391e-08
57.5,237.5,4.559052557695509e-08
57.75,237.5,4.9991249362335566e-08
58.0,237.5,5.622409227079572e-08
58.25,237.5,5.434240879509389e-08
58.5,237.5,4.7833442984313024e-08
58.75,237.5,4.546210452538446e-08
59.0,237.5,4.8879833181025845e-08
59.25,237.5,5.5305551693862753e-08
59.5,237.5,5.571392069914083e-08
59.75,237.5,4.998862146443628e-08
60.0,237.5,4.702482880869496e-08
45.0,240.0,1.5633921635060943e-07
45.25,240.0,1.6174726413797913e-07
45.5,240.0,1.873310566669062e-07
45.75,240.0,2.390355116066445e-07
46.0,240.0,2.923175107527598e-07
46.25,240.0,2.960687783826188e-07
46.5,240.0,2.646427719188438e-07
46.75,240.0,2.5244300139171116e-07
47.0,240.0,2.764789149845015e-07
47.25,240.0,3.145150631045368e-07
47.5,240.0,3.1103642106344864e-07
47.75,240.0,2.6113759954426996e-07
48.0,240.0,2.157105170041973e-07
48.25,240.0,1.965069136300457e-07
48.5,240.0,1.9521385352661014e-07
48.75,240.0,1.864850026622733e-07
49.0,240.0,1.6018389492611362e-07
49.25,240.0,1.348929982158964e-07
49.5,240.0,1.2211662570038584e-07
49.75,240.0,1.194349372735104e-07
50.0,240.0,1.1545872125040546e-07
50.25,240.0,1.0288048890583212e-07
50.5,240.0,8.94551794861087e-08
50.75,240.0,8.230494019656476e-08
51.0,240.0,8.1152842223986e-08
51.25,240.0,8.011790630924054e-08
51.5,240.0,7.388232137195416e-08
51.75,240.0,6.601438418130101e-08
52.0,240.0,6.157301601916743e-08
52.25,240.0,6.115150430474614e-08
52.5,240.0,6.139295127827182e-08
52.75,240.0,5.823919924097254e-08
53.0,240.0,5.322651097650066e-08
53.25,240.0,5.018357263075757e-08
53.5,240.0,5.009090298102592e-08
53.75,240.0,5.090622479109186e-08
54.0,240.0,4.941494624599585e-08
54.25,240.0,4.602655012675427e-08
54.5,240.0,4.374597972756078e-08
54.75,240.0,4.378296525331393e-08
55.0,240.0,4.488186522433324e-08
55.25,240.0,4.4424670608833594e-08
55.5,240.0,4.211536341891531e-08
55.75,240.0,4.031433498141723e-08
56.0,240.0,4.0378184351652635e-08
56.25,240.0,4.1590774602084934e-08
56.5,240.0,4.1809783635216036e-08
56.75,240.0,4.029629174784333e-08
57.0,240.0,3.88686859364995e-08
57.25,240.0,3.896208555786984e-08
57.5,240.0,4.0240786702838705e-08
57.75,240.0,4.093979422137295e-08
58.0,240.0,4.004293330250874e-08
58.25,240.0,3.891080779805378e-08
58.5,240.0,3.9033420939915686e-08
58.75,240.0,4.037915024568406e-08
59.0,240.0,4.148775667456306e-08
59.25,240.0,4.1153341845401314e-08
59.5,240.0,4.031137179616451e-08
59.75,240.0,4.0470079176735396e-08
60.0,240.0,4.186836866093557e-08
45.0,242.5,1.344845881323664e-07
45.25,242.5,1.5443860401642695e-07
45.5,242.5,1.8133957158106284e-07
45.75,242.5,2.02393411807833e-07
46.0,242.5,2.0565545189032974e-07
46.25,242.5,1.9941308149196146e-07
46.5,242.5,1.9964748609879734e-07
46.75,242.5,2.0989876914345729e-07
47.0,242.5,2.1822211893063326e-07
47.25,242.5,2.0976485681778456e-07
47.5,242.5,1.8788026889815512e-07
47.75,242.5,1.673122789203063e-07
48.0,242.5,1.549013490809159e-07
48.25,242.5,1.469059636161063e-07
48.5,242.5,1.3606641635632855e-07
48.75,242.5,1.2161699936008574e-07
49.0,242.5,1.0872243716431029e-07
49.25,242.5,1.0033129094200177e-07
49.5,242.5,9.484854657237918e-08
49.75,242.5,8.87053269726934e-08
50.0,242.5,8.098187875837937e-08
50.25,242.5,7.398682955184199e-08
50.5,242.5,6.940508656683164e-08
50.75,242.5,6.656288387141274e-08
51.0,242.5,6.345576353261606e-08
51.25,242.5,5.929683188909962e-08
51.5,242.5,5.532557645349101e-08
51.75,242.5,5.2715555698412686e-08
52.0,242.5,5.122905000209954e-08
52.25,242.5,4.9633523069303465e-08
52.5,242.5,4.7277510017984525e-08
52.75,242.5,4.489170457588898e-08
53.0,242.5,4.335667425081624e-08
53.25,242.5,4.262198549653817e-08
53.5,242.5,4.1848392529075795e-08
53.75,242.5,4.0472563744842205e-08
54.0,242.5,3.8951453396052216e-08
54.25,242.5,3.800547609955629e-08
54.5,242.5,3.770385093027073e-08
54.75,242.5,3.744270049566012e-08
55.0,242.5,3.670409642886341e-08
55.25,242.5,3.574884965829028e-08
55.5,242.5,3.517244351325388e-08
55.75,242.5,3.5123181585383634e-08
56.0,242.5,3.5172102896829927e-08
56.25,242.5,3.485838362404792e-08
56.5,242.5,3.4316046670923583e-08
56.75,242.5,3.403682924396634e-08
57.0,242.5,3.4202547238848524e-08
57.25,242.5,3.449305752134535e-08
57.5,242.5,3.449047381032244e-08
57.75,242.5,3.424805250507035e-08
58.0,242.5,3.419366401136159e-08
58.25,242.5,3.4546825067316433e-08
58.5,242.5,3.507134871405526e-08
58.75,242.5,3.537243298268322e-08
59.0,242.5,3.5422870525714245e-08
59.25,242.5,3.558363936839726e-08
59.5,242.5,3.610510157514568e-08
59.75,242.5,3.683553062572287e-08
60.0,242.5,3.742205834100787e-08
45.0,245.0,1.3057863168519646e-07
45.25,245.0,1.4598231490303704e-07
45.5,245.0,1.56465200462641e-07
45.75,245.0,1.5963784916195323e-07
46.0,245.0,1.598567895833014e-07
46.25,245.0,1.6215218745507798e-07
46.5,245.0,1.6599956897955792e-07
46.75,245.0,1.659476072113364e-07
47.0,245.0,1.583617194045317e-07
47.25,245.0,1.4617034826969189e-07
47.5,245.0,1.3458416936451556e-07
47.75,245.0,1.2554560946398396e-07
48.0,245.0,1.1744131178659245e-07
48.25,245.0,1.084031955311815e-07
48.5,245.0,9.893959640461247e-08
48.75,245.0,9.074948248422032e-08
49.0,245.0,8.440971688283838e-08
49.25,245.0,7.90247847159975e-08
49.5,245.0,7.356598596963693e-08
49.75,245.0,6.812200314953998e-08
50.0,245.0,6.346508385490779e-08
50.25,245.0,5.989121065752556e-08
50.5,245.0,5.691735471824444e-08
50.75,245.0,5.3925908405361156e-08
51.0,245.0,5.0896405201505956e-08
51.25,245.0,4.82592688033634e-08
51.5,245.0,4.6227671690601824e-08
51.75,245.0,4.4547525668292565e-08
52.0,245.0,4.284368049223275e-08
52.25,245.0,4.10908173043012e-08
52.5,245.0,3.956922567383003e-08
52.75,245.0,3.843393014957286e-08
53.0,245.0,3.751738997248566e-08
53.25,245.0,3.654956115539676e-08
53.5,245.0,3.550103000460325e-08
53.75,245.0,3.458641983922206e-08
54.0,245.0,3.395330183675327e-08
54.25,245.0,3.350095334475611e-08
54.5,245.0,3.3017485856490225e-08
54.75,245.0,3.244912805122624e-08
55.0,245.0,3.194419884167132e-08
55.25,245.0,3.16322283921977e-08
55.5,245.0,3.146149718524782e-08
55.75,245.0,3.127864744989495e-08
56.0,245.0,3.1035127912026894e-08
56.25,245.0,3.084134836406349e-08
56.5,245.0,3.080205168703998e-08
56.75,245.0,3.087666744505668e-08
57.0,245.0,3.0934800498982895e-08
57.25,245.0,3.092938860582706e-08
57.5,245.0,3.095746725634285e-08
57.75,245.0,3.112685287298689e-08
58.0,245.0,3.142001314682119e-08
58.25,245.0,3.1722060089833803e-08
58.5,245.0,3.1970138092418665e-08
58.75,245.0,3.222978506300933e-08
59.0,245.0,3.2599354327089713e-08
59.25,245.0,3.308470764018523e-08
59.5,245.0,3.360288580722681e-08
59.75,245.0,3.41005144122164e-08
60.0,245.0,3.4627313461044196e-08
45.0,247.5,1.231655204492199e-07
45.25,247.5,1.2940508464787115e-07
45.5,247.5,1.3224689376922782e-07
45.75,247.5,1.3384707497898773e-07
46.0,247.5,1.3558974443217409e-07
46.25,247.5,1.3633569229121179e-07
46.5,247.5,1.338463840871995e-07
46.75,247.5,1.2765636259182145e-07
47.0,247.5,1.1964279367226993e-07
47.25,247.5,1.1182985715230132e-07
47.5,247.5,1.0472466438482542e-07
47.75,247.5,9.77414977842983e-08
48.0,247.5,9.058119887495053e-08
48.25,247.5,8.373464210897907e-08
48.5,247.5,7.776514632240605e-08
48.75,247.5,7.265385260080137e-08
49.0,247.5,6.796852758395033e-08
49.25,247.5,6.346307990234834e-08
49.5,247.5,5.930767477124732e-08
49.75,247.5,5.574597716773155e-08
50.0,247.5,5.274611769578996e-08
50.25,247.5,5.005368053367931e-08
50.5,247.5,4.7497747068803164e-08
50.75,247.5,4.513595253108349e-08
51.0,247.5,4.308868262192789e-08
51.25,247.5,4.134083231299712e-08
51.5,247.5,3.975748152917902e-08
51.75,247.5,3.8254189482778145e-08
52.0,247.5,3.6880958509399875e-08
52.25,247.5,3.571621121079005e-08
52.5,247.5,3.473829102151882e-08
52.75,247.5,3.384173552500869e-08
53.0,247.5,3.296298112243079e-08
53.25,247.5,3.2146214246076e-08
53.5,247.5,3.1467624284076123e-08
53.75,247.5,3.093114120389373e-08
54.0,247.5,3.046605456802354e-08
54.25,247.5,3.0015578134090504e-08
54.5,247.5,2.9596620931826578e-08
54.75,247.5,2.925855668856059e-08
55.0,247.5,2.9009759594522677e-08
55.25,247.5,2.8809643004557017e-08
55.5,247.5,2.8627605841435866e-08
55.75,247.5,2.8483969183312752e-08
56.0,247.5,2.841639989981104e-08
56.25,247.5,2.842285828918989e-08
56.5,247.5,2.8459793854906934e-08
56.75,247.5,2.8496871640193433e-08
57.0,247.5,2.8555745101854768e-08
57.25,247.5,2.8681624630877423e-08
57.5,247.5,2.8887496061891227e-08
57.75,247.5,2.91419856024433e-08
58.0,247.5,2.9411312718607974e-08
58.25,247.5,2.9698953296630748e-08
58.5,247.5,3.003402437862235e-08
58.75,247.5,3.043082386078311e-08
59.0,247.5,3.0875492162962814e-08
59.25,247.5,3.135340331805736e-08
59.5,247.5,3.1875659556312996e-08
59.75,247.5,3.2465710120277436e-08
60.0,247.5,3.3125650444887356e-08
45.0,250.0,1.1195935789576339e-07
45.25,250.0,1.1429087698466844e-07
45.5,250.0,1.1574735703234751e-07
45.75,250.0,1.1648424369514743e-07
46.0,250.0,1.1564928303897659e-07
46.25,250.0,1.1250017739605767e-07
46.5,250.0,1.0739848632645987e-07
46.75,250.0,1.0145055573396178e-07
47.0,250.0,9.547681756316706e-08
47.25,250.0,8.961912112415149e-08
47.5,250.0,8.376326643411147e-08
47.75,250.0,7.802774182330552e-08
48.0,250.0,7.272235280630923e-08
48.25,250.0,6.800211505009202e-08
48.5,250.0,6.37481138987539e-08
48.75,250.0,5.977673622759028e-08
49.0,250.0,5.606395636625905e-08
49.25,250.0,5.2716374820960255e-08
49.5,250.0,4.978943146660697e-08
49.75,250.0,4.7209513853729845e-08
50.0,250.0,4.4863680992435206e-08
50.25,250.0,4.271034281799757e-08
50.5,250.0,4.077301352101159e-08
50.75,250.0,3.905761447597911e-08
51.0,250.0,3.7518404605307865e-08
51.25,250.0,3.6105892942117634e-08
51.5,250.0,3.481891597267861e-08
51.75,250.0,3.36863825722844e-08
52.0,250.0,3.270825099654928e-08
52.25,250.0,3.183799979211699e-08
52.5,250.0,3.1027164615338165e-08
52.75,250.0,3.027193251625704e-08
53.0,250.0,2.9603129725330746e-08
53.25,250.0,2.9038565552141904e-08
53.5,250.0,2.8560145137745963e-08
53.75,250.0,2.813730259898506e-08
54.0,250.0,2.775929675014055e-08
54.25,250.0,2.743515925551776e-08
54.5,250.0,2.7169368088664214e-08
54.75,250.0,2.6951038512024184e-08
55.0,250.0,2.676955124236713e-08
55.25,250.0,2.6631395977361194e-08
55.5,250.0,2.6551855381029554e-08
55.75,250.0,2.6531720820344162e-08
56.0,250.0,2.6551153831100294e-08
56.25,250.0,2.6590246893221092e-08
56.5,250.0,2.6650948004025565e-08
56.75,250.0,2.6753147031044477e-08
57.0,250.0,2.6911338490975822e-08
57.25,250.0,2.7121102474936265e-08
57.5,250.0,2.736867843466939e-08
57.75,250.0,2.7647663936036793e-08
58.0,250.0,2.796183173892075e-08
58.25,250.0,2.8315249922528096e-08
58.5,250.0,2.8707062171839937e-08
58.75,250.0,2.9138133683659362e-08
59.0,250.0,2.9617726937658517e-08
59.25,250.0,3.015721539156857e-08
59.5,250.0,3.075678478570154e-08
59.75,250.0,3.140333904028125e-08
60.0,250.0,3.208518062347565e-08
