span,zs,snr,method,SNR_AT_R0_DB,N_DETECTED_PEAKS,N_UNIQUE_MODE_IDS,N_ORACLE_AMBIGUOUS,N_CORRECT,MODE_ORDER_RECOVERY_RATE,MODE_ORDER_ASSIGNMENT_CONSISTENCY,median_k_err,max_k_err,eq24_cost,role,p,n_own_peak_levels
sufficient_4990m,4.0,R0_NOISELESS,SAB_FOURIER,inf,13,13,0,1,0.07692307692307693,0.07692307692307693,0.00015573175898930813,0.00327898360733081,inf,,,
sufficient_4990m,4.0,R0_NOISELESS,MMAR_PRINTED_LITERAL_CONTROL_PRINTED_EQ19_POWER_1,inf,6,4,2,4,1.0,1.0,0.0012442733845520193,0.0033402250881957585,0.0594901201224471,PAPER_PRINTED_PRIMARY_BRANCH,7.0,6.0
sufficient_4990m,4.0,R0_NOISELESS,MMAR_PRINTED_LITERAL_CONTROL_STANDARD_PSD_POWER_2,inf,4,3,1,3,1.0,1.0,0.0010849016387939336,0.0033402250881957585,0.010574008134903745,PAPER_PRINTED_PRIMARY_BRANCH,7.0,4.0
sufficient_4990m,4.0,R0_NOISELESS,MMAR_OUR_MOVING_SAMPLE_INTERPRETATION_PRINTED_EQ19_POWER_1,inf,13,13,0,13,1.0,1.0,2.9212273559675594e-05,0.00014904968505868865,inf,SENSITIVITY,1331.0,13.0
sufficient_4990m,4.0,R0_NOISELESS,MMAR_OUR_MOVING_SAMPLE_INTERPRETATION_STANDARD_PSD_POWER_2,inf,5,5,0,5,1.0,1.0,3.4534911804273705e-05,0.00014904968505868865,0.010940200236101122,SENSITIVITY,1331.0,5.0
sufficient_4990m,4.0,R1_20dB,SAB_FOURIER,20.009016856808557,14,14,0,2,0.14285714285714285,0.14285714285714285,0.00018132356670241823,0.00327898360733081,inf,,,
sufficient_4990m,4.0,R1_20dB,MMAR_PRINTED_LITERAL_CONTROL_PRINTED_EQ19_POWER_1,20.009016856808557,1,1,0,1,1.0,1.0,0.0024500196850585354,0.0024500196850585354,6.002596457174325e-06,PAPER_PRINTED_PRIMARY_BRANCH,7.0,1.0
sufficient_4990m,4.0,R1_20dB,MMAR_PRINTED_LITERAL_CONTROL_STANDARD_PSD_POWER_2,20.009016856808557,1,1,0,1,1.0,1.0,0.0024500196850585354,0.0024500196850585354,6.002596457174325e-06,PAPER_PRINTED_PRIMARY_BRANCH,7.0,1.0
sufficient_4990m,4.0,R1_20dB,MMAR_OUR_MOVING_SAMPLE_INTERPRETATION_PRINTED_EQ19_POWER_1,20.009016856808557,7,7,0,4,0.5714285714285714,0.5714285714285714,0.0025410618585204325,0.021126258878479076,0.09514144840822225,SENSITIVITY,1331.0,86.0
sufficient_4990m,4.0,R1_20dB,MMAR_OUR_MOVING_SAMPLE_INTERPRETATION_STANDARD_PSD_POWER_2,20.009016856808557,0,0,0,0,,,,,,SENSITIVITY,1331.0,4.0
sufficient_4990m,50.0,R0_NOISELESS,SAB_FOURIER,inf,19,19,0,1,0.05263157894736842,0.05263157894736842,0.0002525278495055794,0.006827069758610138,inf,,,
sufficient_4990m,50.0,R0_NOISELESS,MMAR_PRINTED_LITERAL_CONTROL_PRINTED_EQ19_POWER_1,inf,6,6,0,6,1.0,1.0,0.0026643029393005335,0.0048976183612059465,0.059737142906561354,PAPER_PRINTED_PRIMARY_BRANCH,7.0,6.0
sufficient_4990m,50.0,R0_NOISELESS,MMAR_PRINTED_LITERAL_CONTROL_STANDARD_PSD_POWER_2,inf,2,2,0,2,1.0,1.0,0.0016291159559630453,0.002448570790405169,0.0002639376710483226,PAPER_PRINTED_PRIMARY_BRANCH,7.0,2.0
sufficient_4990m,50.0,R0_NOISELESS,MMAR_OUR_MOVING_SAMPLE_INTERPRETATION_PRINTED_EQ19_POWER_1,inf,11,11,0,11,1.0,1.0,3.4534911804273705e-05,0.00038448582550043575,0.1757884131127748,SENSITIVITY,1331.0,11.0
sufficient_4990m,50.0,R0_NOISELESS,MMAR_OUR_MOVING_SAMPLE_INTERPRETATION_STANDARD_PSD_POWER_2,inf,6,6,0,6,1.0,1.0,3.8973869781466774e-05,0.00038448582550043575,0.020800061720525464,SENSITIVITY,1331.0,6.0
sufficient_4990m,50.0,R1_20dB,SAB_FOURIER,20.009016856808557,19,19,0,1,0.05263157894736842,0.05263157894736842,0.0002829884597472798,0.006827069758610138,inf,,,
sufficient_4990m,50.0,R1_20dB,MMAR_PRINTED_LITERAL_CONTROL_PRINTED_EQ19_POWER_1,20.009016856808557,1,1,0,1,1.0,1.0,0.00047998788024905537,0.00047998788024905537,2.303883651859815e-07,PAPER_PRINTED_PRIMARY_BRANCH,7.0,1.0
sufficient_4990m,50.0,R1_20dB,MMAR_PRINTED_LITERAL_CONTROL_STANDARD_PSD_POWER_2,20.009016856808557,1,1,0,1,1.0,1.0,0.00047998788024905537,0.00047998788024905537,2.303883651859815e-07,PAPER_PRINTED_PRIMARY_BRANCH,7.0,1.0
sufficient_4990m,50.0,R1_20dB,MMAR_OUR_MOVING_SAMPLE_INTERPRETATION_PRINTED_EQ19_POWER_1,20.009016856808557,23,22,1,2,0.09090909090909091,0.09090909090909091,0.004706427315979034,0.040607818878479085,inf,SENSITIVITY,1331.0,113.0
sufficient_4990m,50.0,R1_20dB,MMAR_OUR_MOVING_SAMPLE_INTERPRETATION_STANDARD_PSD_POWER_2,20.009016856808557,3,3,0,3,1.0,1.0,0.000593869827270499,0.040607818878479085,0.020592506121975322,SENSITIVITY,1331.0,15.0
insufficient_1990m,4.0,R0_NOISELESS,SAB_FOURIER,inf,21,20,1,2,0.1,0.1,0.0020003373162291727,0.005040084609318596,inf,,,
insufficient_1990m,4.0,R0_NOISELESS,MMAR_PRINTED_LITERAL_CONTROL_PRINTED_EQ19_POWER_1,inf,6,6,0,6,1.0,1.0,0.0027504605680847005,0.004735619827270554,0.0578473735280855,PAPER_PRINTED_PRIMARY_BRANCH,7.0,6.0
insufficient_1990m,4.0,R0_NOISELESS,MMAR_PRINTED_LITERAL_CONTROL_STANDARD_PSD_POWER_2,inf,5,5,0,5,1.0,1.0,0.0020353661056518035,0.004735619827270554,0.021612323946450497,PAPER_PRINTED_PRIMARY_BRANCH,7.0,5.0
insufficient_1990m,4.0,R0_NOISELESS,MMAR_OUR_MOVING_SAMPLE_INTERPRETATION_PRINTED_EQ19_POWER_1,inf,11,11,0,11,1.0,1.0,3.4534911804273705e-05,0.0007558683612061134,inf,SENSITIVITY,531.0,11.0
insufficient_1990m,4.0,R0_NOISELESS,MMAR_OUR_MOVING_SAMPLE_INTERPRETATION_STANDARD_PSD_POWER_2,inf,3,3,0,3,1.0,1.0,0.0006333101727293844,0.0007558683612061134,0.0049152212480498055,SENSITIVITY,531.0,3.0
insufficient_1990m,4.0,R1_20dB,SAB_FOURIER,20.1135453249478,20,19,1,2,0.10526315789473684,0.10526315789473684,0.0004588345416680628,0.005040084609318596,inf,,,
insufficient_1990m,4.0,R1_20dB,MMAR_PRINTED_LITERAL_CONTROL_PRINTED_EQ19_POWER_1,20.1135453249478,2,2,0,2,1.0,1.0,0.0007365318608092419,0.0010325938943480661,0.0011968935853365818,PAPER_PRINTED_PRIMARY_BRANCH,7.0,2.0
insufficient_1990m,4.0,R1_20dB,MMAR_PRINTED_LITERAL_CONTROL_STANDARD_PSD_POWER_2,20.1135453249478,2,2,0,2,1.0,1.0,0.0007365318608092419,0.0010325938943480661,0.0011968935853365818,PAPER_PRINTED_PRIMARY_BRANCH,7.0,2.0
insufficient_1990m,4.0,R1_20dB,MMAR_OUR_MOVING_SAMPLE_INTERPRETATION_PRINTED_EQ19_POWER_1,20.1135453249478,11,11,0,11,1.0,1.0,0.0003106938717651886,0.0027199738943481933,inf,SENSITIVITY,531.0,40.0
insufficient_1990m,4.0,R1_20dB,MMAR_OUR_MOVING_SAMPLE_INTERPRETATION_STANDARD_PSD_POWER_2,20.1135453249478,5,5,0,5,1.0,1.0,0.00014904968505868865,0.0027199738943481933,0.025641135742853472,SENSITIVITY,531.0,8.0
insufficient_1990m,50.0,R0_NOISELESS,SAB_FOURIER,inf,18,18,0,1,0.05555555555555555,0.05555555555555555,0.0005523129511899594,0.017181440076839305,inf,,,
insufficient_1990m,50.0,R0_NOISELESS,MMAR_PRINTED_LITERAL_CONTROL_PRINTED_EQ19_POWER_1,inf,6,5,1,5,1.0,1.0,0.002448570790405169,0.0056646083612059694,0.05909986723603177,PAPER_PRINTED_PRIMARY_BRANCH,7.0,6.0
insufficient_1990m,50.0,R0_NOISELESS,MMAR_PRINTED_LITERAL_CONTROL_STANDARD_PSD_POWER_2,inf,2,2,0,2,1.0,1.0,0.0016291159559630453,0.002448570790405169,0.0002639376710483226,PAPER_PRINTED_PRIMARY_BRANCH,7.0,2.0
insufficient_1990m,50.0,R0_NOISELESS,MMAR_OUR_MOVING_SAMPLE_INTERPRETATION_PRINTED_EQ19_POWER_1,inf,11,11,0,11,1.0,1.0,3.4534911804273705e-05,0.00028700211975096757,inf,SENSITIVITY,531.0,11.0
insufficient_1990m,50.0,R0_NOISELESS,MMAR_OUR_MOVING_SAMPLE_INTERPRETATION_STANDARD_PSD_POWER_2,inf,2,2,0,2,1.0,1.0,6.017847351069694e-05,7.76858255004953e-05,3.086094867071021e-05,SENSITIVITY,531.0,2.0
insufficient_1990m,50.0,R1_20dB,SAB_FOURIER,20.1135453249478,19,19,0,1,0.05263157894736842,0.05263157894736842,0.001049978853690181,0.02063289684958236,inf,,,
insufficient_1990m,50.0,R1_20dB,MMAR_PRINTED_LITERAL_CONTROL_PRINTED_EQ19_POWER_1,20.1135453249478,1,1,0,1,1.0,1.0,0.00047998788024905537,0.00047998788024905537,2.303883651859815e-07,PAPER_PRINTED_PRIMARY_BRANCH,7.0,1.0
insufficient_1990m,50.0,R1_20dB,MMAR_PRINTED_LITERAL_CONTROL_STANDARD_PSD_POWER_2,20.1135453249478,1,1,0,1,1.0,1.0,0.00047998788024905537,0.00047998788024905537,2.303883651859815e-07,PAPER_PRINTED_PRIMARY_BRANCH,7.0,1.0
insufficient_1990m,50.0,R1_20dB,MMAR_OUR_MOVING_SAMPLE_INTERPRETATION_PRINTED_EQ19_POWER_1,20.1135453249478,23,22,1,1,0.045454545454545456,0.045454545454545456,0.0017365816046143179,0.06285053887847902,inf,SENSITIVITY,531.0,130.0
insufficient_1990m,50.0,R1_20dB,MMAR_OUR_MOVING_SAMPLE_INTERPRETATION_STANDARD_PSD_POWER_2,20.1135453249478,5,5,0,4,0.8,0.8,0.0004543907904053235,0.05656121887847898,0.09869194020159339,SENSITIVITY,531.0,23.0
