case,peak_id,k_peak,g_re,g_im,abs_g,prominence
zs4.0_zr18.0,0,1.3478371963883027,-1.1381796314843822,-1.4411990874842104,1.836438859121437,0.9578500052722013
zs4.0_zr18.0,1,1.362396180379156,-7.649883653198686,0.4570312398221471,7.663523827956031,5.303196954088142
zs4.0_zr18.0,2,1.3759321006301115,-11.738759236729898,3.385843704779555,12.21729945655368,9.443750365277388
zs4.0_zr18.0,3,1.388602351562692,-7.300735424452837,-1.1969502074684584,7.398204345448923,6.146785928304958
zs4.0_zr18.0,4,1.4001708415446132,6.7489635137164,6.497391623910028,9.36827659838945,7.640863948972713
zs4.0_zr18.0,5,1.4019808773921247,0.7058068863911459,-3.089444548198128,3.1690425963164803,1.4416299468997438
zs4.0_zr18.0,6,1.403318729975068,1.9811678125317522,-1.6184319903227078,2.5581923322361377,1.403117553136895
zs4.0_zr18.0,7,1.4046565825580113,2.5530370451738915,-0.1109712690527707,2.55544766657144,1.4093040859028623
zs4.0_zr18.0,8,1.4059944351409546,2.416918888427037,1.6281726439348254,2.914179656728992,1.5157703416323367
zs4.0_zr18.0,9,1.4072535905131365,2.8577162610555864,2.512661183226391,3.80526062844507,1.9033491286688995
zs4.0_zr18.0,10,1.4086701403068411,-2.0507789748708523,5.857855716379434,6.206461793783278,2.6958455078830896
zs4.0_zr18.0,11,1.4104801761543526,27.188082148317793,-2.3331957222695294,27.2880122614692,23.77739597556901
zs4.0_zr18.0,12,1.4123689092126255,0.4745651610268197,-6.685164898145643,6.701987899680142,3.598649690013559
zs4.0_zr18.0,13,1.4137067617955688,3.2838265713532104,-3.0742107272143944,4.498253944148266,2.880991274329257
zs4.0_zr18.0,14,1.415044614378512,3.9694154295981643,0.00019438423596515947,3.9694154343577104,2.820961235227533
zs4.0_zr18.0,15,1.4163824669614553,3.148832381702522,2.977507967959382,4.333670392094903,2.9108019563106096
zs4.0_zr18.0,16,1.4177203195443986,0.319386351942121,6.1368504005210704,6.14515585483253,3.494685691635799
zs4.0_zr18.0,17,1.41953035539191,21.033622273732227,-9.588050478336452,23.115881508806286,20.465411345609553
zs4.0_zr18.0,18,1.4213403912394216,-3.1266146173874856,-3.2361088619021956,4.499791054231632,2.4378249989419536
zs4.0_zr18.0,19,1.4225995466116035,-1.3358895969792022,-1.961101392435772,2.3728716119357953,1.5753888968131855
zs4.0_zr18.0,20,1.4238587019837854,-0.6574285438050996,-1.3142016543144988,1.4694687061699068,1.0730233748144964
zs4.0_zr18.0,21,1.425904829463581,1.5193069982986696,-0.16838043468694533,1.528609082095445,0.869026248249915
zs4.0_zr18.0,22,1.4276361681003311,-7.4456881602935,-3.6691264049027392,8.300648212970437,7.0900768087794255
zs4.0_zr18.0,23,1.4319645146922064,-0.8628946040850242,-0.34284221055157477,0.9285084162757712,0.8326452599206183
zs4.0_zr18.0,24,1.433381064485911,1.296602912667197,-1.9336374898186148,2.328117921233607,1.6377285908833787
zs4.0_zr18.0,25,1.4351911003334226,-13.996855003253591,-4.098218691986525,14.584489926955031,12.809110046350701
zs4.0_zr18.0,26,1.4369224389701727,2.4096443261783023,3.054922147102534,3.8908784488262858,2.1154985682219554
zs4.0_zr18.0,27,1.438260291553116,-0.09557688580146866,2.51659448274612,2.518408769776606,1.4235834935216787
zs4.0_zr18.0,28,1.4395194469252979,-0.46402457545335957,1.8601159855585105,1.9171203108712243,1.1386475932007567
zs4.0_zr18.0,29,1.4407786022974798,-0.9170792688093522,1.3443154141500062,1.6273347283214965,1.0898762938970195
zs4.0_zr18.0,30,1.4429821241987981,-1.702573847299068,-4.804542337962956,5.097291906766308,4.020135539122407
zs4.0_zr18.0,31,1.4446347656247869,0.017773871371530078,1.9437476390469142,1.9438289005990173,0.8666725329551168
zs4.0_zr70.0,0,1.3624748775899174,-2.812576233657752,-1.9154132564643283,3.402850718614572,2.3621885965537355
zs4.0_zr70.0,1,1.3760107978408729,10.00281064632995,3.101531197657026,10.472617466343912,8.118938384948493
zs4.0_zr70.0,2,1.377742136477623,-2.0801130349180936,-2.3534368446467533,3.1409449565022673,0.7872658751068475
zs4.0_zr70.0,3,1.3790799890605663,-0.27491519833046013,-2.1613222910561656,2.178736425566284,0.8405355748008971
zs4.0_zr70.0,4,1.3804178416435096,0.7563531403663043,-1.6835858492511788,1.845679112072514,0.8277943779717745
zs4.0_zr70.0,5,1.3816769970156915,0.7650363167813231,-1.5786026075421387,1.7542140002101148,0.8619261058888716
zs4.0_zr70.0,6,1.3829361523878734,0.8032153896208485,-1.627985328464138,1.8153487796614343,0.8959912815357697
zs4.0_zr70.0,7,1.3841953077600553,0.8857497679081089,-1.849136126534203,2.0503309649427783,0.9618786916779731
zs4.0_zr70.0,8,1.3855331603429986,2.0594049853764433,-1.5904614432591657,2.602060048555255,1.0870529124278865
zs4.0_zr70.0,9,1.3867923157151805,3.21239295778826,-2.579802721528278,4.12005468376966,1.26917330358086
zs4.0_zr70.0,10,1.388602351562692,-16.253696680428508,-2.780027416416798,16.489730386376905,13.393693539508352
zs4.0_zr70.0,11,1.390333690199442,3.6591883448861204,1.8662942094648174,4.107640858160841,1.0116040112922873
zs4.0_zr70.0,12,1.3916715427823854,1.6789280454137023,2.0352976913977185,2.6384154476286628,0.8711771309374268
zs4.0_zr70.0,13,1.3930093953653286,0.6706947504635622,2.0422920112858107,2.149601848636445,0.7733869138538441
zs4.0_zr70.0,14,1.394347247948272,-0.10303317842988775,2.01761263177377,2.0202417102293584,0.7743824263908909
zs4.0_zr70.0,15,1.3956064033204538,0.07379041082312328,2.1476336528262006,2.1489009589743904,0.8128274356467164
zs4.0_zr70.0,16,1.396944255903397,-0.9442996045674625,2.4263231491599475,2.6036024595424916,0.958274456726548
zs4.0_zr70.0,17,1.3982821084863404,-2.856326375313915,2.6396810225009872,3.8892822297778524,1.2440568161873813
zs4.0_zr70.0,18,1.4000134471230905,13.145317011264508,-5.884977089909487,14.40251070735237,11.7572852937619
zs4.0_zr70.0,19,1.401823482970602,-2.622123370257994,-1.2915594144907365,2.922953419063122,1.2759320845468018
zs4.0_zr70.0,20,1.4031613355535453,-0.965923819049904,-1.22067894232513,1.5566200257108187,0.9344094236630646
zs4.0_zr70.0,21,1.4056009490871477,-0.7482984345561187,-0.008033535292033038,0.7483415562752254,0.596111828865064
zs4.0_zr70.0,22,1.410558873365114,-3.6266431991716,-1.4470944302491242,3.9046924570515995,3.3034721946049337
zs4.0_zr70.0,23,1.4124476064233868,-0.740897746200447,0.8503323098074923,1.127827339368685,0.9590573456198015
zs4.0_zr70.0,24,1.4138641562170915,-0.7552605716825349,-0.6302385176741818,0.9836763290322582,0.8149063352833745
zs4.0_zr70.0,25,1.4152020088000348,-0.09451016293488101,-1.1556776867197098,1.1595357202259005,1.0539974143633244
zs4.0_zr70.0,26,1.416539861382978,0.8893925275163572,-1.2882970037399153,1.5654801940130632,1.2081402925398752
zs4.0_zr70.0,27,1.41779901675516,1.599315909463728,-1.9505439037794108,2.522386350033399,1.570385176507283
zs4.0_zr70.0,28,1.41953035539191,-9.41123095975055,4.042530844334733,10.24272052753393,9.140901812639852
zs4.0_zr70.0,29,1.4212616940286602,2.0537325125106687,0.21508607481729863,2.0649647097526134,0.9631459948585361
zs4.0_zr70.0,30,1.42354391314074,-0.1616277790633186,-1.0753279011162855,1.087406839174785,0.9009889855492983
zs4.0_zr70.0,31,1.4258261322528196,-2.578122520880579,1.5421905123426987,3.004174979762575,1.892954621136082
zs4.0_zr70.0,32,1.4276361681003311,15.610428403445841,6.530681137433714,16.921444118571593,14.968116844059136
zs4.0_zr70.0,33,1.4293675067370812,-3.3034059510642093,-3.3592456104406074,4.711371557072412,2.758044282559954
zs4.0_zr70.0,34,1.4307053593200245,-0.7581315247854539,-3.2920532650050274,3.3782211455888707,2.172774183727583
zs4.0_zr70.0,35,1.4319645146922064,-0.6721450995059115,-3.0380574016385435,3.1115224264723773,2.098086099375795
zs4.0_zr70.0,36,1.4333023672751497,1.1577126260345558,-3.493974076848861,3.680781625439314,2.3045390713303915
zs4.0_zr70.0,37,1.4350337059118998,-6.482677710368406,8.705232890010198,10.853855995259133,9.477613441150211
zs4.0_zr70.0,38,1.4369224389701727,1.5177376572881898,0.7630596984371355,1.6987606363845422,1.1372117059447877
zs4.0_zr70.0,39,1.4383389887638773,0.1708368751407755,0.8897257109220466,0.905978519934996,0.7418826754749837
zs4.0_zr70.0,40,1.4395981441360592,0.29219322961632366,0.6849317113648525,0.7446531626648767,0.6500854659407459
zs4.0_zr70.0,41,1.4409359967190025,-0.01595358429905994,0.9484169281061733,0.9485510984498081,0.745191046614853
zs4.0_zr70.0,42,1.4428247297772754,3.7406259190896916,-0.2778377493538687,3.7509300288770553,3.32594282633007
zs4.0_zr70.0,43,1.4507731480641737,-0.6113839562718733,-0.5210406994141302,0.8032893329508451,0.5950074780753789
zs50.0_zr18.0,0,1.3624748775899174,-4.741240405206598,-3.254249388896276,5.750608634318233,3.970477979395861
zs50.0_zr18.0,1,1.3759321006301115,6.3741304575144655,-2.051369871292995,6.696092699348046,4.975710053994381
zs50.0_zr18.0,2,1.388602351562692,2.5884843103213258,0.19723260405804294,2.5959876203254875,1.7620946894253944
zs50.0_zr18.0,3,1.4000134471230905,7.169467627645842,-3.3399973227288924,7.909288727799602,6.4163911313804025
zs50.0_zr18.0,4,1.410558873365114,-3.8647840089391288,-2.362069506443688,4.529451157593239,3.6915461613945064
zs50.0_zr18.0,5,1.4177203195443986,0.3749655767680523,-3.627333674660886,3.646662689513501,1.5897713906837425
zs50.0_zr18.0,6,1.4196090526026715,-15.903928173239521,-2.07352055037687,16.03852919729228,13.981637898462523
zs50.0_zr18.0,7,1.421419088450183,1.3857980909257075,3.4443537314682686,3.712682180889272,2.564415919268587
zs50.0_zr18.0,8,1.4228356382438876,-1.788154050275558,1.5769013245804562,2.3841377256736824,2.0814055939306746
zs50.0_zr18.0,9,1.4241734908268309,-2.032522505952854,0.11332558210745021,2.0356793521487764,1.9005140973553767
zs50.0_zr18.0,10,1.4255900406205355,-0.9884741239877854,-2.1534301326602634,2.3694603668436027,1.9614339479062275
zs50.0_zr18.0,11,1.4275574708895697,-8.279685310838413,1.4451437345363864,8.404857480051827,7.636669636498989
zs50.0_zr18.0,12,1.429524901158604,0.22999599904043866,2.5460216571524885,2.556388945028536,1.788201101475697
zs50.0_zr18.0,13,1.4308627537415473,-0.7080204647125959,2.0575424992351836,2.175953610399543,1.7502013957874742
zs50.0_zr18.0,14,1.4321219091137292,-0.6302391990316345,2.161035295978091,2.2510608606741735,1.772990656743587
zs50.0_zr18.0,15,1.4334597616966724,-2.063191315730252,1.7376131141910487,2.697416864319166,1.876939412906919
zs50.0_zr18.0,16,1.4349550087011385,-0.8338332975375919,-5.557054388501579,5.619264315268242,4.7987868638559945
zs50.0_zr18.0,17,1.4372372278132182,-0.6724106519647912,2.176973812548655,2.278453656627306,1.9064723552174556
zs50.0_zr18.0,18,1.4384963831854,-1.325021410198792,2.9428399125323286,3.2273810571852963,2.707877093559799
zs50.0_zr18.0,19,1.439755538557582,-2.1321396121755343,4.161674035753621,4.676061388142148,3.6173262035071856
zs50.0_zr18.0,20,1.4410933911405253,-6.937329545119518,3.8594258910086143,7.9386213806791295,5.498777756795258
zs50.0_zr18.0,21,1.4428247297772754,35.147428859503535,-3.1767011763900617,35.29069545642222,31.78786513034506
zs50.0_zr18.0,22,1.4446347656247869,-5.024964492359146,-5.581728198870486,7.510389992239828,4.007559666162669
zs50.0_zr18.0,23,1.4458939209969688,-3.0336424561498454,-3.015940084855367,4.277719152444707,2.053192673297709
zs50.0_zr18.0,24,1.4489631122166622,3.9621360301569046,-0.3564016131050693,3.97813323448215,1.3272608861836455
zs50.0_zr18.0,25,1.4506944508534123,-19.788656292848593,-2.0936878773458334,19.89910668357354,17.248234335275036
zs50.0_zr18.0,26,1.4524257894901624,4.532090491524311,2.0227622271982093,4.963004256611607,3.8770229959037024
zs50.0_zr18.0,27,1.4536849448623443,2.8049170116941546,1.2866004133373252,3.0859196467327275,2.6735483922215715
zs50.0_zr18.0,28,1.4549441002345262,1.9187199929146599,1.063546587733714,2.1937679356510023,1.8301038743745253
zs50.0_zr18.0,29,1.4584854747187879,-5.8336978965715085,-7.0281389375893575,9.133825489603057,7.652305364063867
zs50.0_zr18.0,30,1.4600594189340153,2.9122905372524475,1.3625765774908667,3.215283984797746,1.7337638592585567
zs50.0_zr18.0,31,1.4613185743061972,2.1125813648634475,1.3336194386611064,2.498307593220473,1.5083936822475832
zs50.0_zr18.0,32,1.4626564268891404,0.8871021945111307,2.103191939584267,2.2826227542541266,1.4588456643006043
zs50.0_zr18.0,33,1.4639155822613223,0.7713277685091829,2.3044918741744436,2.4301500621585896,1.6215704006250293
zs50.0_zr18.0,34,1.4654895264765497,-4.1599894184451625,-2.265684622121999,4.736965143263757,3.9283854817301966
zs50.0_zr18.0,35,1.473437944763448,-1.5891097409042552,0.4624859952822843,1.6550417107943336,1.374590816922903
zs50.0_zr70.0,0,1.3760894950516342,-4.361163470340437,-5.093943254812886,6.705818719461893,4.914471409556733
zs50.0_zr70.0,1,1.3883662599304079,-0.30835654010770314,-6.532981844192913,6.540255005149374,4.8180187215317565
zs50.0_zr70.0,2,1.4000134471230905,10.74783807306479,-4.697653008869304,11.72961921958935,9.711740048130688
zs50.0_zr70.0,3,1.4198451442349556,-2.060071092534469,5.462431367190548,5.837983328818554,4.887581632993459
zs50.0_zr70.0,4,1.4257474350420583,-2.2398461309144926,4.476519348297146,5.005610468849063,2.988976120792331
zs50.0_zr70.0,5,1.4275574708895697,17.9956574513281,-4.097786214030925,18.45631433849788,16.43967999044115
zs50.0_zr70.0,6,1.4354271919657067,-0.806954061113534,3.7692071458781884,3.8546202621382593,3.4291334017258537
zs50.0_zr70.0,7,1.441014693929764,1.9277576639658878,-4.610966623924043,4.997725764577395,3.242255737128919
zs50.0_zr70.0,8,1.4428247297772754,-23.44352910551005,2.269776927874281,23.553151471155772,21.394611309732774
zs50.0_zr70.0,9,1.4447134628355482,-0.17173512250003525,5.9187863978583986,5.921277343257424,3.7627371818344253
zs50.0_zr70.0,10,1.4460513154184915,-2.756096791023913,3.0192982317298998,4.0880596049494695,2.742216867009481
zs50.0_zr70.0,11,1.448727020584378,-3.2682897661266885,-2.492828610148353,4.110463778570809,2.7105737907029157
zs50.0_zr70.0,12,1.4505370564318896,-4.86328778868953,9.382670654127866,10.568163356016454,9.168273368148562
zs50.0_zr70.0,13,1.458091988664981,4.634370729130769,5.102457087978655,6.892928288448072,5.203662532943126
zs50.0_zr70.0,14,1.4639942794720837,1.5178414825237487,-7.4545171281738645,7.60747450737151,4.623647991381171
zs50.0_zr70.0,15,1.4658043153195952,-33.11292201879558,8.96538684990878,34.30515655103988,31.32133003504954
zs50.0_zr70.0,16,1.467693048377868,-0.01633074819260384,7.263761861392634,7.263780219166788,5.760920296755228
zs50.0_zr70.0,17,1.473201853131164,34.58690978365666,35.525962837253694,49.58173417597185,44.630983595941515
zs50.0_zr70.0,18,1.4748544945571527,-12.117381226373796,-8.772559657052817,14.959569870882879,13.886296403598179
zs50.0_zr70.0,19,1.4761136499293346,-9.255892375844915,-6.256683522983966,11.172181182741493,9.489103329329236
zs50.0_zr70.0,20,1.4773728053015165,-8.626611182866618,-5.323926740941266,10.137189770506858,8.4541119170946
zs50.0_zr70.0,21,1.479812418835119,-13.5061412245518,0.958606967646049,13.540117359017133,11.495424637516814
zs50.0_zr70.0,22,1.4810715742073008,-15.429306053951406,2.0143086411157056,15.5602353648065,13.316252650261212
zs50.0_zr70.0,23,1.4823307295794828,-22.637564848397062,3.89758339343855,22.970644278604603,20.726661564059313
zs50.0_zr70.0,24,1.4839833710054715,76.10339736707924,-34.65700018026518,83.62317114476384,74.04956053915447
zs50.0_zr70.0,25,1.4854786180099375,-0.2452515571872007,19.70380251530941,19.705328768853775,10.131718163244393
zs50.0_zr70.0,26,1.4869738650144035,-84.99689995002734,-26.050617877024365,88.89942459256807,82.59196347134566
zs50.0_zr70.0,27,1.4886265064403923,21.629517010115194,0.7857057074621906,21.643782930661665,18.501225683343222
zs50.0_zr70.0,28,1.4898856618125742,13.360840103896148,0.2729919445211518,13.363628731884653,12.700183974593415
zs50.0_zr70.0,29,1.491144817184756,9.773316564476605,0.17420529688849876,9.774869009605029,8.936061132982154
zs50.0_zr70.0,30,1.492403972556938,7.731381140516449,0.17114378615857434,7.733275149344819,6.894467272721945
zs50.0_zr70.0,31,1.49366312792912,6.403542309290342,0.19484737718263187,6.406506037401855,5.86402679245424
zs50.0_zr70.0,32,1.4949222833013018,5.466838572099249,0.22887889403911255,5.471627684841936,5.08543873768625
zs50.0_zr70.0,33,1.4961814386734837,4.770106251104836,0.2644251023814011,4.777429673119097,4.4525673084992965
zs50.0_zr70.0,34,1.4974405940456657,4.230218929697894,0.29806912646235356,4.240707181275833,3.9299702988495087
zs50.0_zr70.0,35,1.4986997494178476,3.799467622309639,0.3292577595689802,3.813707498644285,3.496501072589443
zs50.0_zr70.0,36,1.4999589047900295,3.446024840810123,0.3586703665749519,3.4646401884379627,3.1420953025802394
zs50.0_zr70.0,37,1.5012180601622114,3.1522418422198597,0.3850970109222085,3.1756776189756533,2.8489349695035284
