cluster_id,n_modes,k_min,k_max,k_center,k_span,k_span_over_dkr,E_C,E_C_norm,f_hz,alpha,grid
0,1,0.740110476307754,0.740110476307754,0.740110476307754,0.0,0.0,2.42066624113741e-07,0.0035834130185803384,201.0,0.5,4001
1,2,0.747901246943668,0.7483041611478509,0.7481027040457595,0.0004029142041829248,0.15390188937035928,4.992911642606923e-07,0.007391214979034924,201.0,0.5,4001
2,2,0.7558244103063075,0.7562131058837839,0.7560187580950457,0.000388695577476339,0.14847077403196351,5.209616512373438e-07,0.007712012220023507,201.0,0.5,4001
3,3,0.7630881334507785,0.7638378108342331,0.7634630906625874,0.00074967738345455,0.2863556671223758,7.938400434285595e-07,0.011751544669601576,201.0,0.5,4001
4,4,0.7697327366090841,0.7708177216836912,0.7702755860247721,0.001084985074607081,0.41443377073114995,1.0699597621415113e-06,0.015839059825172194,201.0,0.5,4001
5,3,0.7764956160240851,0.7771924485190408,0.7768441520342074,0.0006968324949556681,0.26617040659020674,8.65837227974553e-07,0.012817348967686134,201.0,0.5,4001
6,4,0.7826633421785566,0.7836685186445156,0.7831662933672365,0.0010051764659589901,0.38394912776883733,1.1536077413085304e-06,0.017077335686714306,201.0,0.5,4001
7,4,0.7882726474694591,0.7892405757711849,0.788756979244882,0.0009679283017257623,0.36972137706767666,1.2190995440328695e-06,0.01804683810924745,201.0,0.5,4001
8,4,0.7936696665717847,0.7945997970875043,0.7941351056071575,0.0009301305157195516,0.35528368631371327,1.2771718024263032e-06,0.018906505928003053,201.0,0.5,4001
9,5,0.7985521799800406,0.7997425268797517,0.7991481163741811,0.0011903468997110922,0.45467902339951904,1.5903039328489275e-06,0.02354193122382983,201.0,0.5,4001
10,5,0.8032398293525893,0.8043807652561504,0.8038110791791027,0.0011409359035611244,0.4358054131266503,1.6670083707550337e-06,0.024677418953218237,201.0,0.5,4001
11,5,0.8077278870337798,0.8088180468905181,0.8082737727684671,0.0010901598567382154,0.4164103919045747,1.7699911866867743e-06,0.026201916453238994,201.0,0.5,4001
12,5,0.8117488761188714,0.8127898700772788,0.8122702072256518,0.001040993958407399,0.3976304021024075,1.8742478080784128e-06,0.02774527062581776,201.0,0.5,4001
13,5,0.815333344186062,0.816326731076038,0.8158309049995343,0.0009933868899760778,0.3794458414617062,1.975734491544337e-06,0.029247620254048444,201.0,0.5,4001
14,5,0.8187486979083888,0.8196923789387129,0.8192214479810266,0.0009436810303241616,0.3604596016275435,2.1238236770117358e-06,0.03143984612185535,201.0,0.5,4001
15,5,0.8217616808310869,0.8226568084969806,0.82221020466464,0.0008951276658937246,0.34191358254071247,2.2636683277429292e-06,0.03351002470943922,201.0,0.5,4001
16,5,0.8246136802813874,0.8254572418506371,0.8250364876012695,0.0008435615692496956,0.3222167845162686,2.4600111558401996e-06,0.03641656933897909,201.0,0.5,4001
17,6,0.8268932259122842,0.827886457647601,0.827391685895058,0.0009932317353168463,0.3793865767474011,2.868896963654592e-06,0.042469476187245656,201.0,0.5,4001
18,5,0.8290410081560634,0.8297871165756169,0.8294152708906533,0.0007461084195534706,0.2849924233305998,2.88941238103367e-06,0.04277317445208061,201.0,0.5,4001
19,5,0.8308690090959748,0.8315640663954357,0.8312178926255431,0.0006950572994608439,0.26549233185911303,3.1741931190067464e-06,0.04698890228168068,201.0,0.5,4001
20,6,0.8324013245373121,0.8336600205125265,0.8328801837725234,0.001258695975214441,0.48078644713260504,3.796082358292995e-06,0.056194987607703396,201.0,0.5,4001
21,6,0.8338095342447263,0.8349288902019406,0.8343764562287058,0.0011193559572143519,0.42756248080805814,6.594081224895797e-06,0.0976149297466344,201.0,0.5,4001
22,9,0.8353094268352108,0.8365332687295839,0.8359620039053097,0.0012238418943730789,0.46747316892581947,2.446360971848121e-05,0.36214499982237663,201.0,0.5,4001
23,1,0.8366563132639958,0.8366563132639958,0.8366563132639958,0.0,0.0,3.9907401659336135e-07,0.005907658817788338,201.0,0.5,4001
0,1,0.740110476307754,0.740110476307754,0.740110476307754,0.0,0.0,2.42066624113741e-07,0.0035834130185803384,201.0,1.0,4001
1,2,0.747901246943668,0.7483041611478509,0.7481027040457595,0.0004029142041829248,0.15390188937035928,4.992911642606923e-07,0.007391214979034924,201.0,1.0,4001
2,2,0.7558244103063075,0.7562131058837839,0.7560187580950457,0.000388695577476339,0.14847077403196351,5.209616512373438e-07,0.007712012220023507,201.0,1.0,4001
3,3,0.7630881334507785,0.7638378108342331,0.7634630906625874,0.00074967738345455,0.2863556671223758,7.938400434285595e-07,0.011751544669601576,201.0,1.0,4001
4,4,0.7697327366090841,0.7708177216836912,0.7702755860247721,0.001084985074607081,0.41443377073114995,1.0699597621415113e-06,0.015839059825172194,201.0,1.0,4001
5,3,0.7764956160240851,0.7771924485190408,0.7768441520342074,0.0006968324949556681,0.26617040659020674,8.65837227974553e-07,0.012817348967686134,201.0,1.0,4001
6,4,0.7826633421785566,0.7836685186445156,0.7831662933672365,0.0010051764659589901,0.38394912776883733,1.1536077413085304e-06,0.017077335686714306,201.0,1.0,4001
7,4,0.7882726474694591,0.7892405757711849,0.788756979244882,0.0009679283017257623,0.36972137706767666,1.2190995440328695e-06,0.01804683810924745,201.0,1.0,4001
8,4,0.7936696665717847,0.7945997970875043,0.7941351056071575,0.0009301305157195516,0.35528368631371327,1.2771718024263032e-06,0.018906505928003053,201.0,1.0,4001
9,5,0.7985521799800406,0.7997425268797517,0.7991481163741811,0.0011903468997110922,0.45467902339951904,1.5903039328489275e-06,0.02354193122382983,201.0,1.0,4001
10,5,0.8032398293525893,0.8043807652561504,0.8038110791791027,0.0011409359035611244,0.4358054131266503,1.6670083707550337e-06,0.024677418953218237,201.0,1.0,4001
11,5,0.8077278870337798,0.8088180468905181,0.8082737727684671,0.0010901598567382154,0.4164103919045747,1.7699911866867743e-06,0.026201916453238994,201.0,1.0,4001
12,5,0.8117488761188714,0.8127898700772788,0.8122702072256518,0.001040993958407399,0.3976304021024075,1.8742478080784128e-06,0.02774527062581776,201.0,1.0,4001
13,5,0.815333344186062,0.816326731076038,0.8158309049995343,0.0009933868899760778,0.3794458414617062,1.975734491544337e-06,0.029247620254048444,201.0,1.0,4001
14,5,0.8187486979083888,0.8196923789387129,0.8192214479810266,0.0009436810303241616,0.3604596016275435,2.1238236770117358e-06,0.03143984612185535,201.0,1.0,4001
15,5,0.8217616808310869,0.8226568084969806,0.82221020466464,0.0008951276658937246,0.34191358254071247,2.2636683277429292e-06,0.03351002470943922,201.0,1.0,4001
16,7,0.8246136802813874,0.8270940771065636,0.8255956772893136,0.002480396825176201,0.9474417973349668,3.1996953314320378e-06,0.04736642214978299,201.0,1.0,4001
17,9,0.8272938338946435,0.8297871165756169,0.8286043518671963,0.0024932826809733744,0.9523638316855816,5.018625169096424e-06,0.07429279782852237,201.0,1.0,4001
18,10,0.8308690090959748,0.8330439477356839,0.831971054525033,0.0021749386397090786,0.8307653650350305,6.631582210335101e-06,0.09817007244722269,201.0,1.0,4001
19,13,0.8336600205125265,0.8361653086417628,0.8349496412183482,0.0025052881292362272,0.9569495751297425,2.1157761223891563e-05,0.31320714820264856,201.0,1.0,4001
20,4,0.8362877678495675,0.8366563132639958,0.8364719426145043,0.0003685454144283229,0.14077397870428493,1.0637697003043447e-05,0.15747425762631223,201.0,1.0,4001
0,1,0.896706836417571,0.896706836417571,0.896706836417571,0.0,0.0,2.78640166946875e-07,0.0038089544849591755,235.0,0.5,4001
1,2,0.9032707997091434,0.9036295204707298,0.9034501600899365,0.0003587207615863841,0.1370212377507896,5.744355748247401e-07,0.007852417628883907,235.0,0.5,4001
2,2,0.9096318000795669,0.9099792199310087,0.9098055100052878,0.0003474198514418214,0.13270460804452278,5.974000225103205e-07,0.008166336964222514,235.0,0.5,4001
3,3,0.9157888290775728,0.916460292128605,0.9161246663318843,0.0006714630510322728,0.2564799928208443,9.011181184779625e-07,0.012318101645083382,235.0,0.5,4001
4,3,0.9214151555291117,0.9220649506162469,0.9217401598223928,0.000649795087135252,0.24820344027457011,9.462799571849568e-07,0.01293545480696548,235.0,0.5,4001
5,4,0.9268564521470938,0.9277973111327912,0.9273272060118518,0.0009408589856974015,0.35938165998280397,1.2645042049730947e-06,0.017285515636732657,235.0,0.5,4001
6,3,0.9321104392446617,0.9327161131720993,0.9324133859811855,0.0006056739274376,0.23135039868858234,1.0334574978973033e-06,0.014127154081059412,235.0,0.5,4001
7,4,0.9368816687526044,0.9377572818639275,0.9373198108058227,0.0008756131113231147,0.3344595717675546,1.3809215827504156e-06,0.018876917544328613,235.0,0.5,4001
8,4,0.9414813822106206,0.9423244437848657,0.941903255914369,0.0008430615742450742,0.3220258004926524,1.441454158373418e-06,0.01970438555775873,235.0,0.5,4001
9,4,0.9456345295449556,0.9464463574566765,0.9460407949455036,0.0008118279117208527,0.3100954202168269,1.5230488262230964e-06,0.020819768093809393,235.0,0.5,4001
10,4,0.9496298770914395,0.9504096213450457,0.9500201110967212,0.0007797442536061627,0.297840365541411,1.607369656924071e-06,0.0219724167223009,235.0,0.5,4001
11,5,0.9532124378607679,0.9542094224435111,0.9537116787066029,0.000996984582743221,0.38082005887198656,1.986653532344747e-06,0.027157150259414092,235.0,0.5,4001
12,5,0.9566489296356423,0.9576031963403456,0.9571268411120109,0.0009542667047033326,0.3645030313957186,2.098399955175967e-06,0.0286847011616581,235.0,0.5,4001
13,5,0.9597042488482264,0.9606171986628987,0.9601615359508712,0.0009129498146723813,0.3487211419198542,2.220248073941191e-06,0.030350340195470213,235.0,0.5,4001
14,5,0.9626231639476512,0.963492809450915,0.9630588417452275,0.0008696455032637385,0.3321801133969512,2.375480263380738e-06,0.03247233269445018,235.0,0.5,4001
15,5,0.9651904319173963,0.9660178690974788,0.9656050562437397,0.0008274371800824909,0.3160577215395533,2.5385089857269802e-06,0.03470090221463812,235.0,0.5,4001
16,4,0.9676284528238099,0.968216740875411,0.9679230815549122,0.0005882880516010491,0.22470948329809673,2.4242101301694004e-06,0.0331384600754732,235.0,0.5,4001
17,5,0.9695548084059127,0.9702968977525234,0.9699269014314515,0.0007420893466106859,0.2834572505494213,2.9220971329152645e-06,0.039944474272533705,235.0,0.5,4001
18,5,0.9713778196708444,0.9720759585423826,0.97172804520379,0.0006981388715382453,0.26666940568778275,3.1664024245282095e-06,0.043284077985755,235.0,0.5,4001
19,5,0.9730873156965841,0.9743626248995669,0.9735383248860199,0.0012753092029827995,0.4871322327007149,3.902116947513904e-06,0.05334114607712693,235.0,0.5,4001
20,6,0.9745155848578065,0.9756789000244503,0.975102874976948,0.001163315166643808,0.44435366194832165,5.976492227650787e-06,0.08169743481087668,235.0,0.5,4001
21,7,0.9762129202113773,0.9774456904308211,0.9767628508018397,0.0012327702194437906,0.4708835378903036,9.629964607293779e-06,0.1316396601497268,235.0,0.5,4001
22,6,0.9775679593524014,0.978181783921907,0.9778745940516681,0.0006138245695056499,0.2344637146273893,2.2364772469233295e-05,0.3057218969367727,235.0,0.5,4001
0,1,0.896706836417571,0.896706836417571,0.896706836417571,0.0,0.0,2.78640166946875e-07,0.0038089544849591755,235.0,1.0,4001
1,2,0.9032707997091434,0.9036295204707298,0.9034501600899365,0.0003587207615863841,0.1370212377507896,5.744355748247401e-07,0.007852417628883907,235.0,1.0,4001
2,2,0.9096318000795669,0.9099792199310087,0.9098055100052878,0.0003474198514418214,0.13270460804452278,5.974000225103205e-07,0.008166336964222514,235.0,1.0,4001
3,3,0.9157888290775728,0.916460292128605,0.9161246663318843,0.0006714630510322728,0.2564799928208443,9.011181184779625e-07,0.012318101645083382,235.0,1.0,4001
4,3,0.9214151555291117,0.9220649506162469,0.9217401598223928,0.000649795087135252,0.24820344027457011,9.462799571849568e-07,0.01293545480696548,235.0,1.0,4001
5,4,0.9268564521470938,0.9277973111327912,0.9273272060118518,0.0009408589856974015,0.35938165998280397,1.2645042049730947e-06,0.017285515636732657,235.0,1.0,4001
6,3,0.9321104392446617,0.9327161131720993,0.9324133859811855,0.0006056739274376,0.23135039868858234,1.0334574978973033e-06,0.014127154081059412,235.0,1.0,4001
7,4,0.9368816687526044,0.9377572818639275,0.9373198108058227,0.0008756131113231147,0.3344595717675546,1.3809215827504156e-06,0.018876917544328613,235.0,1.0,4001
8,4,0.9414813822106206,0.9423244437848657,0.941903255914369,0.0008430615742450742,0.3220258004926524,1.441454158373418e-06,0.01970438555775873,235.0,1.0,4001
9,4,0.9456345295449556,0.9464463574566765,0.9460407949455036,0.0008118279117208527,0.3100954202168269,1.5230488262230964e-06,0.020819768093809393,235.0,1.0,4001
10,4,0.9496298770914395,0.9504096213450457,0.9500201110967212,0.0007797442536061627,0.297840365541411,1.607369656924071e-06,0.0219724167223009,235.0,1.0,4001
11,5,0.9532124378607679,0.9542094224435111,0.9537116787066029,0.000996984582743221,0.38082005887198656,1.986653532344747e-06,0.027157150259414092,235.0,1.0,4001
12,5,0.9566489296356423,0.9576031963403456,0.9571268411120109,0.0009542667047033326,0.3645030313957186,2.098399955175967e-06,0.0286847011616581,235.0,1.0,4001
13,5,0.9597042488482264,0.9606171986628987,0.9601615359508712,0.0009129498146723813,0.3487211419198542,2.220248073941191e-06,0.030350340195470213,235.0,1.0,4001
14,6,0.9626231639476512,0.9651904319173963,0.9634141067739224,0.0025672679697450462,0.9806241303034046,2.71104145248903e-06,0.03705938599059592,235.0,1.0,4001
15,6,0.9653986474222883,0.9678255171845009,0.9663814698849356,0.0024268697622126245,0.9269959653513404,3.380201844644235e-06,0.04620667263194565,235.0,1.0,4001
16,7,0.9680216153359276,0.9702968977525234,0.9694104090526566,0.002275282416595803,0.8690938644751084,4.169053215059119e-06,0.05699011063455364,235.0,1.0,4001
17,9,0.9713778196708444,0.9735758650175811,0.9724410250610536,0.0021980453467367322,0.839591476975896,6.314427222911473e-06,0.08631693755495974,235.0,1.0,4001
18,12,0.9743626248995669,0.9769579837076973,0.9756495302573738,0.0025953588081303325,0.9913540401864778,1.4211492626567245e-05,0.19426821757628382,235.0,1.0,4001
19,8,0.9770797768548255,0.978181783921907,0.9777216289494568,0.001102007067081523,0.4209356929157431,2.451382882674126e-05,0.3350990608290146,235.0,1.0,4001
0,2,1.104690937490789,1.1050266647068767,1.1048588010988327,0.0003357272160877667,0.1282383503300375,6.287926282156461e-07,0.00748078553327489,283.0,0.5,4001
1,2,1.1106503823037481,1.110976256763761,1.1108133195337546,0.00032587446001297593,0.12447487473232155,6.485631119577416e-07,0.007715996224569751,283.0,0.5,4001
2,2,1.1161153346201393,1.116431830625527,1.1162735826228332,0.00031649600538763423,0.12089256894307471,6.758867940285771e-07,0.008041067792490881,283.0,0.5,4001
3,3,1.121112566534554,1.1217271789399594,1.1214199660656838,0.0006146124054053903,0.23476464577408274,1.0216478993280138e-06,0.012154609456987134,283.0,0.5,4001
4,3,1.126265095085136,1.126860546630918,1.126562915424543,0.0005954515457819998,0.22744573651899672,1.0547319500071603e-06,0.012548212493341138,283.0,0.5,4001
5,3,1.1309648747974907,1.1315420372025133,1.1312535519905904,0.000577162405022591,0.2204597993427646,1.1022160301144785e-06,0.01311313358749536,283.0,0.5,4001
6,4,1.1352371600612017,1.1360758969533373,1.1356568214670841,0.0008387368921356497,0.320373893608614,1.47079871380835e-06,0.01749818500868844,283.0,0.5,4001
7,4,1.139377814972456,1.1401899332010776,1.1397841728213214,0.0008121182286215944,0.31020631310438573,1.5254447487905883e-06,0.018148312331437145,283.0,0.5,4001
8,4,1.1433842795567482,1.144169210378207,1.143777050602202,0.0007849308214589179,0.299821488528885,1.5985004388863005e-06,0.019017460481507358,283.0,0.5,4001
9,4,1.147253494854391,1.1480105573173667,1.1476323400015311,0.0007570624629755773,0.28917655970853157,1.6694519528367894e-06,0.01986157511534295,283.0,0.5,4001
10,4,1.150737705740898,1.1514680211028188,1.151103186619233,0.000730315361920697,0.27895991967750117,1.7588252683930694e-06,0.02092485508408479,283.0,0.5,4001
11,5,1.1538600141056106,1.1547982978698381,1.1543298238837973,0.0009382837642275543,0.35839799783924586,2.1550164148855684e-06,0.025638366127468445,283.0,0.5,4001
12,5,1.1568699746219802,1.1577728982592945,1.1573221293329385,0.0009029236373143679,0.3448914242714289,2.2680785228403064e-06,0.026983473152577046,283.0,0.5,4001
13,4,1.1597634682452924,1.1604141491698614,1.1600891697807627,0.0006506809245689915,0.24854180524982328,2.080049792022567e-06,0.02474648348981181,283.0,0.5,4001
14,5,1.1623266836490043,1.1631572751460626,1.1627427377765374,0.0008305914970583306,0.31726258187263384,2.522955674481832e-06,0.0300157626916146,283.0,0.5,4001
15,4,1.164781510406212,1.1653775970496874,1.1650799539069259,0.0005960866434753243,0.22768832596836996,2.374461263765965e-06,0.028249115327112637,283.0,0.5,4001
16,4,1.1669313400434334,1.1675001997137275,1.1672161958892262,0.0005688596702941862,0.21728838828706934,2.5452578596103433e-06,0.030281093193887235,283.0,0.5,4001
17,4,1.1687971528140868,1.1693395640341728,1.169068815526596,0.0005424112200860254,0.20718582447647255,2.7550063228202686e-06,0.032776483882006636,283.0,0.5,4001
18,4,1.1705724218071658,1.171086182942891,1.1708298029541035,0.0005137611357250993,0.19624229836597368,2.9413879086238932e-06,0.034993877356712604,283.0,0.5,4001
19,5,1.1719219361658433,1.172571140555705,1.172247650542399,0.0006492043898618238,0.2479778105363213,3.4256158922243154e-06,0.04075476820049424,283.0,0.5,4001
20,5,1.1733566636649766,1.1745461716182932,1.1738955336016452,0.0011895079533166264,0.454358569481915,5.433830720037417e-06,0.06464662659305191,283.0,0.5,4001
21,5,1.1746882615342633,1.1758854752896886,1.1753378966238868,0.0011972137554252527,0.457301969072497,5.0512294189864425e-06,0.06009479479751009,283.0,0.5,4001
22,7,1.1760094546098583,1.177230292109161,1.1766199829464916,0.001220837499302796,0.466325574542372,1.2194845001293565e-05,0.14508283967177804,283.0,0.5,4001
23,6,1.1773527657617726,1.1779671926322601,1.1776597496466095,0.0006144268704875167,0.23469377665577296,2.5151764057098986e-05,0.29923212240675506,283.0,0.5,4001
0,2,1.104690937490789,1.1050266647068767,1.1048588010988327,0.0003357272160877667,0.1282383503300375,6.287926282156461e-07,0.00748078553327489,283.0,1.0,4001
1,2,1.1106503823037481,1.110976256763761,1.1108133195337546,0.00032587446001297593,0.12447487473232155,6.485631119577416e-07,0.007715996224569751,283.0,1.0,4001
2,2,1.1161153346201393,1.116431830625527,1.1162735826228332,0.00031649600538763423,0.12089256894307471,6.758867940285771e-07,0.008041067792490881,283.0,1.0,4001
3,3,1.121112566534554,1.1217271789399594,1.1214199660656838,0.0006146124054053903,0.23476464577408274,1.0216478993280138e-06,0.012154609456987134,283.0,1.0,4001
4,3,1.126265095085136,1.126860546630918,1.126562915424543,0.0005954515457819998,0.22744573651899672,1.0547319500071603e-06,0.012548212493341138,283.0,1.0,4001
5,3,1.1309648747974907,1.1315420372025133,1.1312535519905904,0.000577162405022591,0.2204597993427646,1.1022160301144785e-06,0.01311313358749536,283.0,1.0,4001
6,4,1.1352371600612017,1.1360758969533373,1.1356568214670841,0.0008387368921356497,0.320373893608614,1.47079871380835e-06,0.01749818500868844,283.0,1.0,4001
7,4,1.139377814972456,1.1401899332010776,1.1397841728213214,0.0008121182286215944,0.31020631310438573,1.5254447487905883e-06,0.018148312331437145,283.0,1.0,4001
8,4,1.1433842795567482,1.144169210378207,1.143777050602202,0.0007849308214589179,0.299821488528885,1.5985004388863005e-06,0.019017460481507358,283.0,1.0,4001
9,4,1.147253494854391,1.1480105573173667,1.1476323400015311,0.0007570624629755773,0.28917655970853157,1.6694519528367894e-06,0.01986157511534295,283.0,1.0,4001
10,4,1.150737705740898,1.1514680211028188,1.151103186619233,0.000730315361920697,0.27895991967750117,1.7588252683930694e-06,0.02092485508408479,283.0,1.0,4001
11,5,1.1538600141056106,1.1547982978698381,1.1543298238837973,0.0009382837642275543,0.35839799783924586,2.1550164148855684e-06,0.025638366127468445,283.0,1.0,4001
12,5,1.1568699746219802,1.1577728982592945,1.1573221293329385,0.0009029236373143679,0.3448914242714289,2.2680785228403064e-06,0.026983473152577046,283.0,1.0,4001
13,5,1.1597634682452924,1.1623266836490043,1.160536672554411,0.0025632154037118493,0.9790761641040695,2.4881742593417914e-06,0.02960196600327746,283.0,1.0,4001
14,6,1.1625354674726918,1.1649810056264156,1.1635249202110518,0.0024455381537238363,0.9341267656439424,3.3510514431668495e-06,0.03986767024995275,283.0,1.0,4001
15,6,1.1651797025453883,1.1675001997137275,1.1665703471919968,0.002320497168339264,0.8863646274526557,3.683498887372067e-06,0.04382281844919609,283.0,1.0,4001
16,8,1.1687971528140868,1.171086182942891,1.1699493092403497,0.0022890301288041037,0.8743451037250825,5.696394231444162e-06,0.06777036123871925,283.0,1.0,4001
17,9,1.1719219361658433,1.1744025011662653,1.1729077499002143,0.0024805650004220414,0.9475060355470017,7.387471816601848e-06,0.08788921786493671,283.0,1.0,4001
18,12,1.1745461716182932,1.1771079545620715,1.1758621036045005,0.00256178294377829,0.9785290047139726,1.5425910763437184e-05,0.18352303271140494,283.0,1.0,4001
19,7,1.177230292109161,1.1779671926322601,1.177598398569831,0.0007369005230990489,0.2814752659637209,2.8443902509601692e-05,0.33839890109324766,283.0,1.0,4001
0,1,1.3409478468778948,1.3409478468778948,1.3409478468778948,0.0,0.0,3.6034832606718304e-07,0.003819034404883804,338.0,0.5,4001
1,2,1.3458029664883049,1.346102243797789,1.3459526051430468,0.0002992773094840917,0.1143155115831268,7.300781496074235e-07,0.007737495556132614,338.0,0.5,4001
2,2,1.3505321800754628,1.3508235459101505,1.3506778629928067,0.0002913658346876957,0.11129355081274273,7.590701032998337e-07,0.008044757337599778,338.0,0.5,4001
3,3,1.3548502696899414,1.3554174956214755,1.3551339665453288,0.0005672259315341321,0.21666434604854912,1.1442870454576076e-06,0.01212735367293114,338.0,0.5,4001
4,2,1.359331451943219,1.3596072084566078,1.3594693301999135,0.0002757565133888473,0.10533122926949154,8.197025476280167e-07,0.008687350556968199,338.0,0.5,4001
5,3,1.3634139166278338,1.3639494710621265,1.3636817803796213,0.000535554434292651,0.2045667252299018,1.2254613846571507e-06,0.01298765347667982,338.0,0.5,4001
6,4,1.3671189569602589,1.3678995022319695,1.3675094939310866,0.0007805452717106753,0.29814633191942524,1.6269069900229775e-06,0.017242244014990415,338.0,0.5,4001
7,3,1.3709738063959576,1.3714786822350273,1.3712263342759379,0.0005048758390697738,0.19284836504549466,1.3394579561406852e-06,0.014195809022414884,338.0,0.5,4001
8,3,1.3744622841935403,1.3749518753140881,1.3747071718099315,0.0004895911205478054,0.1870100326297998,1.401359990354863e-06,0.01485185757681323,338.0,0.5,4001
9,4,1.3776048461953403,1.378316581955505,1.3779609973621505,0.0007117357601647001,0.2718630345731513,1.8418313599297146e-06,0.019520049970355873,338.0,0.5,4001
10,4,1.3806519122157923,1.381341245732123,1.3809968703204851,0.0006893335163307146,0.26330600775108237,1.9058578688413963e-06,0.020198614078109557,338.0,0.5,4001
11,4,1.3836008009430605,1.3842670480041683,1.3839342253612519,0.0006662470611078497,0.2544876314298296,2.0164122330787593e-06,0.021370288511124207,338.0,0.5,4001
12,4,1.38644834048137,1.3870906860250478,1.3867698255809335,0.0006423455436779246,0.24535792427854242,2.106495553977275e-06,0.02232500725665677,338.0,0.5,4001
13,4,1.3889836103555366,1.389603022919642,1.3892936417403672,0.0006194125641054704,0.2365981713374667,2.215587847364855e-06,0.023481186407818332,338.0,0.5,4001
14,4,1.3912258403383864,1.3918233419488655,1.3915249304672663,0.000597501610479112,0.22822880355148534,2.381241589304565e-06,0.02523681365512667,338.0,0.5,4001
15,4,1.3933864025159433,1.3939609510411473,1.3936740336468112,0.0005745485252039995,0.21946137079769984,2.529555594959287e-06,0.0268086713532138,338.0,0.5,4001
16,5,1.3952762119054316,1.396011439375409,1.395644581849967,0.0007352274699774508,0.2808362067452625,2.984145716161323e-06,0.03162649673883027,338.0,0.5,4001
17,4,1.397091206794235,1.397620400665967,1.3973562067722012,0.0005291938717320033,0.2021371692962082,2.8253604493454362e-06,0.029943662788755338,338.0,0.5,4001
18,4,1.3988263309534446,1.3993303246102347,1.399078766883771,0.0005039936567901027,0.19251139623625207,3.0004981512576057e-06,0.03179980269786694,338.0,0.5,4001
19,5,1.4001523462773402,1.4014177623377468,1.4005986036718832,0.0012654160604066433,0.48335333059581537,3.7900444001040464e-06,0.04016755154104968,338.0,0.5,4001
20,6,1.4015713319222691,1.402758830032137,1.4021688355102802,0.001187498109867846,0.45359086583460084,5.929530519683394e-06,0.06284219856555541,338.0,0.5,4001
21,5,1.402901688968694,1.4041189897794262,1.4035604136706163,0.0012173008107321248,0.46497465901869456,4.584780255458532e-06,0.0485903007390789,338.0,0.5,4001
22,6,1.4042457963927715,1.4054711216743283,1.4048399140212409,0.0012253252815568327,0.4680397810925721,1.1154589344287509e-05,0.11821828324586695,338.0,0.5,4001
23,9,1.405593172957546,1.4068198851549543,1.4063010561244786,0.0012267121974083306,0.46856954392477623,3.568326982655318e-05,0.3781775168311774,338.0,0.5,4001
0,1,1.3409478468778948,1.3409478468778948,1.3409478468778948,0.0,0.0,3.6034832606718304e-07,0.003819034404883804,338.0,1.0,4001
1,2,1.3458029664883049,1.346102243797789,1.3459526051430468,0.0002992773094840917,0.1143155115831268,7.300781496074235e-07,0.007737495556132614,338.0,1.0,4001
2,2,1.3505321800754628,1.3508235459101505,1.3506778629928067,0.0002913658346876957,0.11129355081274273,7.590701032998337e-07,0.008044757337599778,338.0,1.0,4001
3,3,1.3548502696899414,1.3554174956214755,1.3551339665453288,0.0005672259315341321,0.21666434604854912,1.1442870454576076e-06,0.01212735367293114,338.0,1.0,4001
4,2,1.359331451943219,1.3596072084566078,1.3594693301999135,0.0002757565133888473,0.10533122926949154,8.197025476280167e-07,0.008687350556968199,338.0,1.0,4001
5,3,1.3634139166278338,1.3639494710621265,1.3636817803796213,0.000535554434292651,0.2045667252299018,1.2254613846571507e-06,0.01298765347667982,338.0,1.0,4001
6,4,1.3671189569602589,1.3678995022319695,1.3675094939310866,0.0007805452717106753,0.29814633191942524,1.6269069900229775e-06,0.017242244014990415,338.0,1.0,4001
7,3,1.3709738063959576,1.3714786822350273,1.3712263342759379,0.0005048758390697738,0.19284836504549466,1.3394579561406852e-06,0.014195809022414884,338.0,1.0,4001
8,3,1.3744622841935403,1.3749518753140881,1.3747071718099315,0.0004895911205478054,0.1870100326297998,1.401359990354863e-06,0.01485185757681323,338.0,1.0,4001
9,4,1.3776048461953403,1.378316581955505,1.3779609973621505,0.0007117357601647001,0.2718630345731513,1.8418313599297146e-06,0.019520049970355873,338.0,1.0,4001
10,4,1.3806519122157923,1.381341245732123,1.3809968703204851,0.0006893335163307146,0.26330600775108237,1.9058578688413963e-06,0.020198614078109557,338.0,1.0,4001
11,4,1.3836008009430605,1.3842670480041683,1.3839342253612519,0.0006662470611078497,0.2544876314298296,2.0164122330787593e-06,0.021370288511124207,338.0,1.0,4001
12,5,1.38644834048137,1.3889836103555366,1.387212582535854,0.0025352698741667457,0.9684017581094523,2.6645103111791025e-06,0.028238944971992083,338.0,1.0,4001
13,6,1.3891907310251095,1.3916248538682334,1.390411222754355,0.0024341228431239426,0.9297664381825766,3.514053267797183e-06,0.0372425493876437,338.0,1.0,4001
14,5,1.3918233419488655,1.3939609510411473,1.393303895307222,0.002137609092281778,0.8165065282435787,3.054317006629696e-06,0.032370184313179784,338.0,1.0,4001
15,9,1.3952762119054316,1.397620400665967,1.3964053040376265,0.002344188760535326,0.8954141490711853,5.80950616550676e-06,0.06157015952758561,338.0,1.0,4001
16,9,1.3988263309534446,1.4014177623377468,1.3999231206549443,0.0025914313843022896,0.989853874788438,6.790542551361652e-06,0.07196735423891662,338.0,1.0,4001
17,11,1.4015713319222691,1.4041189897794262,1.4028013710377056,0.0025476578571570485,0.9731336190562803,1.0514310775141926e-05,0.11143249930463431,338.0,1.0,4001
18,15,1.4042457963927715,1.4068198851549543,1.4057165992831837,0.0025740887621827913,0.9832294811008548,4.68378591708407e-05,0.4963958000770445,338.0,1.0,4001
